,zip,2008,2009,2010,2011,2012,2013,2014,2015,2016,2017,2018,2019,2020,2021,2022,2023
0,501,0.0,0.0,0.0,0.0,0.0,0.0,0.0,0.0,0.0,0.0,0.0,0.5,1.0,1.0,0.0,0.0
1,544,0.0,0.0,0.0,0.0,0.0,0.0,0.0,0.0,0.0,0.0,0.0,0.0,0.0,0.0,0.0,0.0
2,6390,0.0,0.0,0.0,0.0,1.0,1.0,0.25,0.25,0.0,0.0,0.0,0.0,0.0,0.0,0.0,0.0
3,11001,0.19722222222222222,0.14638157894736842,0.13898305084745763,0.15641293013555788,0.17882836587872558,0.25445544554455446,0.2863636363636364,0.31239388794567063,0.36126932465419037,0.39757085020242916,0.4406354515050167,0.4925373134328358,0.4590017825311943,0.4351851851851852,0.44854368932038835,0.44706994328922495
4,11003,0.28055077452667815,0.19032921810699588,0.15127272727272728,0.1737179487179487,0.2332730560578662,0.3079526226734349,0.3462934162778642,0.420061099796334,0.48878048780487804,0.5061425061425061,0.5472328244274809,0.5721200387221684,0.5598135680994304,0.5620915032679739,0.5540540540540541,0.5724760293288212
5,11010,0.17391304347826086,0.13745019920318724,0.1076923076923077,0.12311557788944724,0.14840182648401826,0.1804932735426009,0.21504237288135594,0.2556987115956392,0.2653658536585366,0.32741617357001973,0.3431372549019608,0.32168550873586843,0.3347107438016529,0.32882414151925077,0.3295336787564767,0.3392116182572614
6,11020,0.26436781609195403,0.2158273381294964,0.15300546448087432,0.14027149321266968,0.17928286852589642,0.2668918918918919,0.2708333333333333,0.29859154929577464,0.3447368421052632,0.4173441734417344,0.4343163538873995,0.47076023391812866,0.4342857142857143,0.4126506024096386,0.45741324921135645,0.46153846153846156
7,11021,0.22807017543859648,0.15019762845849802,0.0947075208913649,0.1048951048951049,0.10821643286573146,0.14774774774774774,0.1760797342192691,0.22137404580152673,0.25206611570247933,0.29907773386034253,0.3286264441591784,0.34892541087231355,0.3379396984924623,0.34127979924717694,0.35826771653543305,0.3333333333333333
8,11022,0.0,0.0,0.0,0.0,0.5,0.3333333333333333,1.0,0.75,0.6,0.3333333333333333,0.5,0.5,0.0,0.0,0.0,0.0
9,11023,0.1686746987951807,0.10135135135135136,0.08085106382978724,0.07868852459016394,0.08163265306122448,0.09216589861751152,0.13839285714285715,0.15274949083503056,0.19387755102040816,0.23387096774193547,0.24716981132075472,0.2564575645756458,0.2814159292035398,0.2391304347826087,0.23224568138195778,0.20517560073937152
10,11024,0.19117647058823528,0.13385826771653545,0.04672897196261682,0.05976095617529881,0.0847457627118644,0.1282798833819242,0.14555256064690028,0.16,0.15473441108545036,0.20422535211267606,0.2459016393442623,0.2283653846153846,0.2512315270935961,0.16243654822335024,0.18980169971671387,0.21727019498607242
11,11025,0.0,0.0,0.0,0.0,0.0,0.5,0.0,0.0,1.0,0.0,0.0,0.0,0.0,0.0,0.0,0.0
12,11026,1.0,1.0,1.0,1.0,1.0,0.0,0.0,1.0,1.0,1.0,0.0,0.0,1.0,1.0,1.0,0.0
13,11027,1.0,1.0,1.0,1.0,1.0,1.0,1.0,1.0,0.75,0.6,0.25,0.5,0.0,0.0,0.0,0.0
14,11030,0.18243243243243243,0.08633093525179857,0.0794392523364486,0.07854406130268199,0.15178571428571427,0.20222929936305734,0.1866096866096866,0.19157088122605365,0.20959595959595959,0.23544631306597671,0.27214377406931967,0.295364238410596,0.293733681462141,0.29379310344827586,0.2923497267759563,0.3183791606367583
15,11040,0.24361493123772102,0.15995260663507108,0.11861471861471862,0.14184397163120568,0.18064024390243902,0.23714285714285716,0.27102199223803364,0.33708530805687204,0.34582623509369675,0.39520624303233,0.4096963239211508,0.471127900701565,0.46442360728075016,0.4784090909090909,0.471044776119403,0.47633136094674555
16,11041,0.0,0.0,0.0,0.0,0.0,0.0,0.0,0.0,0.0,0.0,0.0,0.0,0.0,0.0,0.0,0.0
17,11042,0.0,0.0,0.0,0.5,0.5,0.0,0.0,0.0,0.5,0.375,0.4166666666666667,0.5384615384615384,0.5333333333333333,0.42857142857142855,0.3076923076923077,0.06666666666666667
18,11043,0.0,0.0,0.0,0.0,1.0,2.0,1.0,0.0,0.0,0.0,0.0,0.0,1.0,1.0,0.0,0.0
19,11044,0.0,0.0,0.0,0.0,0.0,1.0,1.0,1.0,0.0,0.0,0.0,0.0,0.0,0.0,0.0,0.0
20,11050,0.2567049808429119,0.16810344827586207,0.09574468085106383,0.10265700483091787,0.13417190775681342,0.1942186088527552,0.20320404721753793,0.22985781990521326,0.22839506172839505,0.27555555555555555,0.3362131029517639,0.37650602409638556,0.3950807071483474,0.3526608419380461,0.362012987012987,0.3442892358258012
21,11051,0.0,0.0,0.0,0.0,0.0,0.0,0.0,0.0,0.0,0.0,0.0,0.0,0.0,0.0,0.0,0.5
22,11052,0.0,0.0,0.0,0.0,0.0,0.0,0.0,0.0,0.0,0.0,1.0,1.0,0.0,0.0,0.0,0.0
23,11053,0.0,0.0,0.0,0.0,0.0,0.0,0.0,0.0,0.0,0.0,0.0,0.0,1.0,1.0,0.0,0.0
24,11054,0.0,0.0,0.0,0.0,0.0,0.0,0.0,0.0,1.0,1.0,0.0,0.0,0.0,0.0,0.0,0.0
25,11055,0.0,0.0,0.0,0.0,0.0,0.0,0.0,0.0,0.0,0.0,0.0,0.0,0.0,0.0,0.0,0.0
26,11096,0.3076923076923077,0.23870967741935484,0.22685185185185186,0.2204724409448819,0.24452554744525548,0.30033003300330036,0.349862258953168,0.44974874371859297,0.4697986577181208,0.48268839103869654,0.49625468164794007,0.5324675324675324,0.5060240963855421,0.50177304964539,0.5411334552102377,0.5221579961464354
27,11099,0.0,0.0,0.0,0.0,0.0,0.0,0.0,0.0,0.0,0.0,0.0,0.0,0.0,0.0,0.0,0.0
28,11501,0.25257731958762886,0.12462006079027356,0.08609271523178808,0.08080808080808081,0.11753731343283583,0.17413793103448275,0.21069182389937108,0.3004172461752434,0.33159947984395316,0.3698453608247423,0.41578947368421054,0.41365979381443296,0.3959731543624161,0.39514978601997147,0.4036312849162011,0.414985590778098
29,11507,0.18292682926829268,0.1069182389937107,0.11715481171548117,0.13284132841328414,0.17216117216117216,0.20945945945945946,0.23076923076923078,0.2834890965732087,0.2768729641693811,0.35798816568047337,0.3940298507462687,0.4329268292682927,0.42857142857142855,0.42483660130718953,0.3873015873015873,0.38109756097560976
30,11509,0.19230769230769232,0.0975609756097561,0.017543859649122806,0.014084507042253521,0.07142857142857142,0.047619047619047616,0.14084507042253522,0.19718309859154928,0.2698412698412698,0.2028985507246377,0.26666666666666666,0.2909090909090909,0.32608695652173914,0.3181818181818182,0.4,0.23333333333333334
31,11510,0.24225352112676057,0.15629984051036683,0.10714285714285714,0.11475409836065574,0.15391229578675839,0.19654088050314467,0.22365737593473828,0.304404996712689,0.36179633143580014,0.4003831417624521,0.4360313315926893,0.4648173207036536,0.4834770114942529,0.45319465081723626,0.46787603930461075,0.4818181818181818
32,11514,0.28846153846153844,0.18888888888888888,0.1810344827586207,0.1349206349206349,0.1111111111111111,0.23076923076923078,0.22448979591836735,0.20261437908496732,0.22289156626506024,0.2849162011173184,0.33695652173913043,0.3096446700507614,0.30158730158730157,0.2760416666666667,0.3488372093023256,0.32748538011695905
33,11516,0.03488372093023256,0.047058823529411764,0.05063291139240506,0.051194539249146756,0.06818181818181818,0.09970674486803519,0.16806722689075632,0.17274939172749393,0.18510158013544017,0.2145748987854251,0.2556818181818182,0.3067961165048544,0.3595505617977528,0.33081285444234404,0.2874015748031496,0.2920892494929006
34,11518,0.18248175182481752,0.12236286919831224,0.09404388714733543,0.10511363636363637,0.15406162464985995,0.1760204081632653,0.23486682808716708,0.2589073634204275,0.33573141486810554,0.3464203233256351,0.36515513126491644,0.3947990543735225,0.35555555555555557,0.29396325459317585,0.31202046035805625,0.3507853403141361
35,11520,0.3709677419354839,0.26082474226804125,0.24077046548956663,0.2352542372881356,0.27767235926628714,0.31607142857142856,0.3990358864488484,0.47758186397984886,0.539000467071462,0.5560791705937794,0.6003708854891052,0.634011090573013,0.62548828125,0.5906813627254509,0.6123991935483871,0.6312407315867523
36,11530,0.1553133514986376,0.10385756676557864,0.07135362014690451,0.09317963496637849,0.1016949152542373,0.14168937329700274,0.14477848101265822,0.1625,0.18661971830985916,0.21148255813953487,0.2569496619083396,0.2863741339491917,0.2848249027237354,0.24798711755233493,0.27056110684089163,0.26496350364963506
37,11531,0.0,0.0,0.0,0.0,0.0,0.0,0.0,0.0,0.0,0.0,0.0,0.0,0.0,0.0,0.0,0.0
38,11535,0.0,0.0,0.0,0.0,0.0,1.0,0.0,0.0,1.0,1.0,0.0,0.0,0.0,0.0,0.0,0.0
39,11536,0.5,1.0,0.0,0.0,0.0,0.0,0.0,0.0,0.0,0.0,0.0,0.0,0.0,0.0,0.0,0.0
40,11542,0.15918367346938775,0.09554140127388536,0.08613138686131387,0.09164420485175202,0.1220715166461159,0.29050925925925924,0.3223404255319149,0.3404669260700389,0.36087369420702753,0.400359066427289,0.4157509157509158,0.42532146389713155,0.41494591937069814,0.42303664921465967,0.4426751592356688,0.4617067833698031
41,11545,0.12413793103448276,0.07462686567164178,0.08068459657701711,0.08624708624708624,0.10706638115631692,0.15869565217391304,0.18181818181818182,0.19391634980988592,0.20214669051878353,0.26972477064220185,0.31053604436229204,0.31683168316831684,0.3333333333333333,0.2743362831858407,0.28602620087336245,0.25757575757575757
42,11547,0.15,0.16666666666666666,0.08108108108108109,0.03333333333333333,0.0,0.09090909090909091,0.14634146341463414,0.17777777777777778,0.25,0.28,0.4,0.20930232558139536,0.29411764705882354,0.2631578947368421,0.46153846153846156,0.42105263157894735
43,11548,0.0625,0.13333333333333333,0.21428571428571427,0.0851063829787234,0.20689655172413793,0.2878787878787879,0.27941176470588236,0.3181818181818182,0.32857142857142857,0.2711864406779661,0.34545454545454546,0.3191489361702128,0.4090909090909091,0.3181818181818182,0.24444444444444444,0.28888888888888886
44,11549,0.2,0.0,0.0,0.0,0.17857142857142858,0.26666666666666666,0.6666666666666666,0.7,1.25,1.5,1.0,0.6666666666666666,0.5,1.0,1.0,1.0
45,11550,0.25504322766570603,0.20797962648556875,0.1837109614206981,0.22441558441558443,0.3043271516880647,0.38195356986421375,0.47839873166864844,0.6005326231691078,0.6644756498356738,0.6847400782560089,0.7078145695364239,0.7295880149812735,0.7282194564389128,0.7260308626359727,0.7376366475793857,0.7524403470715835
46,11551,0.3333333333333333,0.0,0.0,0.0,0.0,0.2,0.25,0.5,0.6666666666666666,0.75,0.3333333333333333,0.3333333333333333,0.14285714285714285,0.25,0.2857142857142857,0.6666666666666666
47,11552,0.19172932330827067,0.12877263581488935,0.10121457489878542,0.13122171945701358,0.17372881355932204,0.21485148514851485,0.25474254742547425,0.32362728785357736,0.3643153526970954,0.37911184210526316,0.4046434494195688,0.4361610968294773,0.442523768366465,0.4181494661921708,0.3742110009017133,0.37295825771324864
48,11553,0.2990353697749196,0.23529411764705882,0.19338422391857507,0.21779141104294478,0.2957486136783734,0.3720538720538721,0.46853146853146854,0.5694540428472702,0.6012903225806452,0.6398442569759896,0.6658211794546608,0.6841455891425047,0.6616352201257861,0.6693903205531112,0.7045908183632734,0.6945945945945946
49,11554,0.20055710306406685,0.12888198757763975,0.11777301927194861,0.12751677852348994,0.17090271691498685,0.23248407643312102,0.23238925199709515,0.27934111187371313,0.30437665782493367,0.32451612903225807,0.3717277486910995,0.4057971014492754,0.3826086956521739,0.3427041499330656,0.3735255570117955,0.3670387393302692
50,11555,0.0,0.0,0.0,0.0,0.0,0.0,0.0,0.0,1.0,0.5,1.0,0.0,0.0,0.0,0.0,1.0
51,11556,1.0,1.0,1.0,0.2,0.2857142857142857,0.125,0.125,0.2857142857142857,0.3333333333333333,0.1111111111111111,0.3333333333333333,0.5,0.3,0.25,0.2857142857142857,0.5
52,11557,0.21428571428571427,0.11,0.08487084870848709,0.08766233766233766,0.12386706948640483,0.15217391304347827,0.22935779816513763,0.25274725274725274,0.30385487528344673,0.3125,0.34523809523809523,0.3616504854368932,0.35509138381201044,0.3237597911227154,0.32360742705570295,0.324468085106383
53,11558,0.23809523809523808,0.15337423312883436,0.09313725490196079,0.08949416342412451,0.12955465587044535,0.15053763440860216,0.2116788321167883,0.2553191489361702,0.25901639344262295,0.23355263157894737,0.3515151515151515,0.45722713864306785,0.4304635761589404,0.4076923076923077,0.40869565217391307,0.3541666666666667
54,11559,0.07627118644067797,0.050761421319796954,0.03636363636363636,0.05120481927710843,0.03867403314917127,0.0646900269541779,0.10071942446043165,0.1561771561771562,0.23684210526315788,0.2478813559322034,0.27136752136752135,0.302540415704388,0.3895216400911162,0.3629976580796253,0.31784841075794623,0.3168831168831169
55,11560,0.13559322033898305,0.03676470588235294,0.03414634146341464,0.06854838709677419,0.0694980694980695,0.196,0.2465277777777778,0.2391304347826087,0.2636986301369863,0.3017543859649123,0.2727272727272727,0.34050179211469533,0.3164983164983165,0.33214285714285713,0.3146067415730337,0.35294117647058826
56,11561,0.2283464566929134,0.14533965244865718,0.10401891252955082,0.08440170940170941,0.08738938053097345,0.1040268456375839,0.18769230769230769,0.23603793466807166,0.24925224327018944,0.262,0.2805755395683453,0.3068181818181818,0.2762906309751434,0.24665981500513876,0.25968586387434556,0.2751196172248804
57,11563,0.22348484848484848,0.15349887133182843,0.12033898305084746,0.12749615975422426,0.16022099447513813,0.18469656992084432,0.19716646989374262,0.24103139013452915,0.31316348195329086,0.3453389830508475,0.380327868852459,0.40945790080738176,0.4168591224018476,0.36969001148105624,0.37155963302752293,0.39447513812154694
58,11565,0.24,0.10493827160493827,0.09349593495934959,0.14855072463768115,0.1617161716171617,0.16408668730650156,0.17796610169491525,0.24705882352941178,0.25806451612903225,0.31268436578171094,0.3841642228739003,0.4394366197183099,0.41975308641975306,0.37540453074433655,0.35313531353135313,0.2996742671009772
59,11566,0.1326530612244898,0.07650273224043716,0.059821428571428574,0.04597701149425287,0.08441558441558442,0.1384297520661157,0.14615384615384616,0.17318435754189945,0.19889502762430938,0.20139328689043698,0.26188925081433223,0.28797250859106527,0.29662766689607706,0.2677595628415301,0.286490156143924,0.26996699669966995
60,11568,0.08333333333333333,0.07142857142857142,0.020618556701030927,0.045112781954887216,0.15333333333333332,0.2328767123287671,0.2,0.22875816993464052,0.31210191082802546,0.29518072289156627,0.3372093023255814,0.34394904458598724,0.33121019108280253,0.2986111111111111,0.2785714285714286,0.3188405797101449
61,11569,0.14285714285714285,0.0967741935483871,0.0851063829787234,0.05357142857142857,0.03636363636363636,0.0847457627118644,0.12307692307692308,0.13559322033898305,0.2,0.17857142857142858,0.22641509433962265,0.1276595744680851,0.08,0.08888888888888889,0.14583333333333334,0.1951219512195122
62,11570,0.18435754189944134,0.12423312883435583,0.07513812154696133,0.08627858627858628,0.1148036253776435,0.14033457249070633,0.1541038525963149,0.21496062992125983,0.27252081756245267,0.28475836431226764,0.34377330350484714,0.40207833733013587,0.3850574712643678,0.3170731707317073,0.3174474959612278,0.32966101694915256
63,11571,0.0,0.0,0.0,0.0,0.5,0.5,0.6666666666666666,0.25,0.0,0.0,0.0,0.0,0.0,0.0,0.16666666666666666,0.4
64,11572,0.1833810888252149,0.10684474123539232,0.07801418439716312,0.07995735607675906,0.11666666666666667,0.1561065197428834,0.17232808616404308,0.2011967090501122,0.26825741142443965,0.2757619738751814,0.31072210065645517,0.3662613981762918,0.34980988593155893,0.30634920634920637,0.33520900321543406,0.35388310648518817
65,11575,0.32367149758454106,0.2569832402234637,0.21923076923076923,0.24120603015075376,0.3086232980332829,0.35294117647058826,0.45766871165644174,0.5722411831626849,0.6292834890965732,0.6408518877057116,0.6575212866603595,0.7190305206463196,0.7314553990610329,0.6802656546489564,0.6984126984126984,0.6861804222648752
66,11576,0.18556701030927836,0.10227272727272728,0.08791208791208792,0.1130952380952381,0.16164383561643836,0.18227848101265823,0.22127659574468084,0.25,0.28368794326241137,0.28929765886287623,0.3443478260869565,0.4143356643356643,0.375,0.3493975903614458,0.392,0.34980988593155893
67,11577,0.205607476635514,0.16062176165803108,0.11538461538461539,0.11748633879781421,0.145985401459854,0.16204690831556504,0.22453222453222454,0.28832116788321166,0.2971014492753623,0.3273381294964029,0.3327239488117002,0.3621013133208255,0.36936936936936937,0.3502722323049002,0.354014598540146,0.36524822695035464
68,11579,0.09859154929577464,0.05714285714285714,0.07608695652173914,0.09230769230769231,0.08994708994708994,0.1218274111675127,0.1179245283018868,0.17488789237668162,0.21052631578947367,0.21363636363636362,0.25,0.3471502590673575,0.32065217391304346,0.25139664804469275,0.34285714285714286,0.32222222222222224
69,11580,0.2719449225473322,0.21267893660531698,0.1746376811594203,0.21656881930854532,0.29034229828850855,0.3436754176610978,0.38828880045480385,0.4566844919786096,0.4870886075949367,0.49461312438785504,0.5034013605442177,0.5447075882068633,0.5385400714650331,0.5306666666666666,0.5361111111111111,0.5478971962616822
70,11581,0.26459143968871596,0.21462264150943397,0.15754560530679934,0.15266106442577032,0.21025641025641026,0.2409778812572759,0.2807399347116431,0.33528836754643204,0.4102803738317757,0.40505144995322734,0.422365988909427,0.44033302497687327,0.4521276595744681,0.413585554600172,0.42917726887192537,0.43915343915343913
71,11582,0.0,0.2,0.3333333333333333,0.2,0.4,0.2,0.25,0.2857142857142857,0.2,0.18181818181818182,0.2,0.2222222222222222,0.625,0.7142857142857143,0.875,0.5
72,11590,0.24572649572649571,0.18561484918793503,0.15920398009950248,0.17531044558071585,0.2532722513089005,0.3171014492753623,0.3703125,0.4600280504908836,0.5224344735673034,0.5528421052631579,0.5675566343042071,0.5972868217054264,0.6106719367588933,0.6189134808853118,0.6213093709884467,0.593324549846289
73,11592,0.0,0.0,0.0,0.0,0.0,0.0,0.0,0.0,0.0,0.0,0.0,0.0,0.0,0.0,0.0,0.0
74,11594,0.0,0.0,0.0,0.0,0.0,0.0,0.0,0.0,0.0,0.0,0.0,0.0,0.0,0.0,0.0,0.0
75,11595,1.0,1.0,0.0,0.0,0.0,0.0,0.0,0.0,0.0,0.0,0.0,0.0,0.0,0.0,0.0,0.0
76,11596,0.20588235294117646,0.12857142857142856,0.08333333333333333,0.0821917808219178,0.10443864229765012,0.12718204488778054,0.15011037527593818,0.21611001964636542,0.23484848484848486,0.26171875,0.29867674858223064,0.3306930693069307,0.32751937984496127,0.332,0.3132530120481928,0.33125
77,11597,0.0,0.0,0.0,0.0,0.0,0.0,0.0,0.0,0.0,0.0,0.0,0.0,0.0,0.0,0.0,0.0
78,11598,0.11764705882352941,0.09090909090909091,0.05656108597285068,0.05132743362831858,0.04952076677316294,0.09985315712187959,0.17425227568270482,0.22074788902291917,0.2680652680652681,0.2725225225225225,0.30969267139479906,0.34428086070215175,0.4192185850052798,0.36885245901639346,0.3550651955867603,0.34541577825159914
79,11599,0.0,0.0,0.0,0.0,0.0,0.0,0.0,1.0,1.0,1.0,0.0,0.0,0.0,0.0,2.0,0.0
80,11701,0.26198083067092653,0.20588235294117646,0.196,0.21328671328671328,0.21675977653631284,0.26567481402763016,0.33555767397521447,0.4372791519434629,0.47590870667793744,0.49335548172757476,0.5432497978981407,0.582461786001609,0.5593645484949833,0.5012468827930174,0.5202360876897133,0.5080168776371308
81,11702,0.16911764705882354,0.06037735849056604,0.06835443037974684,0.0508130081300813,0.09072978303747535,0.14885496183206107,0.1444866920152091,0.2560747663551402,0.3053571428571429,0.3145299145299145,0.3345070422535211,0.32947976878612717,0.33976833976833976,0.284,0.27442827442827444,0.2813186813186813
82,11703,0.21354166666666666,0.12571428571428572,0.11976047904191617,0.10517241379310345,0.1302250803858521,0.16639209225700163,0.19032761310452417,0.25037481259370314,0.3194244604316547,0.3603851444291609,0.37219101123595505,0.39477503628447025,0.37257617728531855,0.3535660091047041,0.37462235649546827,0.3912337662337662
83,11704,0.2594458438287154,0.1715076071922545,0.1457334611697028,0.1211864406779661,0.14763458401305057,0.20045731707317074,0.2157968970380818,0.3093851132686084,0.3554590570719603,0.37621951219512195,0.3953488372093023,0.42464040025015637,0.4229299363057325,0.4148442677269715,0.4317089910775566,0.42334739803094235
84,11705,0.08333333333333333,0.0625,0.04744525547445255,0.07207207207207207,0.11627906976744186,0.2032967032967033,0.18781725888324874,0.20470588235294118,0.2723112128146453,0.2689655172413793,0.32634032634032634,0.3538083538083538,0.3297587131367292,0.32398753894080995,0.32421875,0.30165289256198347
85,11706,0.2425595238095238,0.19386973180076628,0.1894135962636222,0.19767441860465115,0.19300314465408805,0.24480712166172106,0.28825503355704696,0.3606146127312637,0.42539777844491145,0.47629860913993755,0.5495495495495496,0.6056693797361774,0.6190476190476191,0.6104721549636803,0.6038142110119963,0.6167590881084412
86,11707,0.0,0.0,0.2,0.1111111111111111,0.0,0.0,0.16666666666666666,0.0,0.0,1.0,1.0,1.0,0.75,0.5,0.0,0.3333333333333333
87,11708,0.0,0.0,0.0,0.0,0.0,0.0,0.0,0.0,0.0,0.0,0.0,0.0,0.5,0.5,0.3333333333333333,0.6666666666666666
88,11709,0.06779661016949153,0.056451612903225805,0.05202312138728324,0.07804878048780488,0.07407407407407407,0.1201923076923077,0.1324200913242009,0.1828793774319066,0.16483516483516483,0.26506024096385544,0.2723735408560311,0.31718061674008813,0.29914529914529914,0.23696682464454977,0.2971698113207547,0.2535885167464115
89,11710,0.15167095115681234,0.09855072463768116,0.07908428720083246,0.06987295825771325,0.0936205468102734,0.15987701767870868,0.16145092460881935,0.22442019099590724,0.25393700787401574,0.25701239399869535,0.2782258064516129,0.34113475177304964,0.31727460426703374,0.273817925194072,0.2946927374301676,0.29743223965763194
90,11713,0.28662420382165604,0.19622641509433963,0.18696883852691218,0.24433249370277077,0.2808219178082192,0.3436807095343681,0.33954451345755693,0.3683206106870229,0.4296028880866426,0.4766187050359712,0.4972972972972973,0.5476635514018692,0.5313131313131313,0.49706457925636005,0.5349301397205589,0.51
91,11714,0.16595744680851063,0.12151898734177215,0.0784313725490196,0.09200603318250378,0.1145975443383356,0.15394736842105264,0.15113636363636362,0.2010752688172043,0.26178535606820463,0.2982982982982983,0.3340227507755946,0.3876464323748669,0.366120218579235,0.3250843644544432,0.3333333333333333,0.36433260393873085
92,11715,0.19047619047619047,0.08433734939759036,0.08196721311475409,0.06802721088435375,0.10666666666666667,0.16477272727272727,0.171875,0.2131979695431472,0.24742268041237114,0.31351351351351353,0.281767955801105,0.27586206896551724,0.2934131736526946,0.271523178807947,0.2671232876712329,0.31125827814569534
93,11716,0.14705882352941177,0.06372549019607843,0.07096774193548387,0.06896551724137931,0.11282051282051282,0.19597989949748743,0.22119815668202766,0.24336283185840707,0.2356828193832599,0.26898047722342733,0.2903225806451613,0.3493670886075949,0.2994791666666667,0.28232189973614774,0.2950391644908616,0.3524590163934426
94,11717,0.3442838370565046,0.26024442846872753,0.26285983954695613,0.2981072555205047,0.2861271676300578,0.29927007299270075,0.37041420118343193,0.43183673469387757,0.5161938237509415,0.5807543520309478,0.6678420310296191,0.7259515570934256,0.7412900188323918,0.7515483563601715,0.7447779111644658,0.7505540507264221
95,11718,0.02857142857142857,0.078125,0.05,0.05511811023622047,0.12878787878787878,0.12307692307692308,0.12878787878787878,0.16083916083916083,0.20422535211267606,0.19463087248322147,0.28378378378378377,0.2898550724637681,0.2982456140350877,0.21621621621621623,0.2616822429906542,0.3008849557522124
96,11719,0.23809523809523808,0.15555555555555556,0.0821917808219178,0.12941176470588237,0.21333333333333335,0.3188405797101449,0.20987654320987653,0.27586206896551724,0.3137254901960784,0.41904761904761906,0.4845360824742268,0.46534653465346537,0.4111111111111111,0.34146341463414637,0.33783783783783783,0.4225352112676056
97,11720,0.21333333333333335,0.1261682242990654,0.09851694915254237,0.09777777777777778,0.12889637742207244,0.18189233278955955,0.18857589984350548,0.2187742435996897,0.2871946706143597,0.3015636634400596,0.3464506172839506,0.3718674211802749,0.389351081530782,0.34782608695652173,0.35214827295703455,0.37566137566137564
98,11721,0.12048192771084337,0.03468208092485549,0.022727272727272728,0.04406779661016949,0.043010752688172046,0.0706713780918728,0.057432432432432436,0.08561643835616438,0.14776632302405499,0.17465753424657535,0.2857142857142857,0.3115942028985507,0.35797665369649806,0.35319148936170214,0.3598130841121495,0.25877192982456143
99,11722,0.28665207877461707,0.24069478908188585,0.25170068027210885,0.27185185185185184,0.2592096450100469,0.2931654676258993,0.33758639021796916,0.41502166586422723,0.5128558310376492,0.5636050021561018,0.6309574019401096,0.6867924528301886,0.7076514816452897,0.6916140667267808,0.7091561938958707,0.7262517547964437
100,11724,0.10526315789473684,0.036585365853658534,0.05426356589147287,0.08496732026143791,0.13333333333333333,0.12987012987012986,0.16129032258064516,0.18867924528301888,0.20625,0.2947976878612717,0.2914285714285714,0.36257309941520466,0.36423841059602646,0.2905405405405405,0.28859060402684567,0.3263888888888889
101,11725,0.17173913043478262,0.09047044632086852,0.060839760068551844,0.06502775574940524,0.08116627265563436,0.11246200607902736,0.11549100968188106,0.14882154882154883,0.21739130434782608,0.27994227994227994,0.32009345794392524,0.34951456310679613,0.33191489361702126,0.30782608695652175,0.3050259965337955,0.34885764499121263
102,11726,0.36153846153846153,0.25485436893203883,0.22491909385113268,0.22948539638386647,0.2363150867823765,0.31135531135531136,0.37383177570093457,0.46977730646871685,0.4940119760479042,0.5233918128654971,0.5326492537313433,0.5560747663551402,0.5647517039922103,0.5614213197969543,0.5285565939771547,0.47717842323651455
103,11727,0.27424749163879597,0.17953667953667954,0.1539491298527443,0.1282051282051282,0.1562829989440338,0.21435499515033948,0.22354014598540145,0.2601054481546573,0.3191489361702128,0.3697411003236246,0.4134387351778656,0.44983818770226536,0.42759211653813195,0.44945848375451264,0.4521484375,0.47342026078234706
104,11729,0.20689655172413793,0.11666666666666667,0.0958904109589041,0.11320754716981132,0.13437195715676728,0.17472118959107807,0.19304347826086957,0.25883319638455216,0.32245222929936307,0.3348659003831418,0.3887657058388766,0.4794207317073171,0.4677938808373591,0.4496466431095406,0.44011406844106465,0.41767441860465115
105,11730,0.16265060240963855,0.08270676691729323,0.06281407035175879,0.05555555555555555,0.08316831683168317,0.12792792792792793,0.14597315436241612,0.2222222222222222,0.29073482428115016,0.30511463844797176,0.2912966252220249,0.3282442748091603,0.31226765799256506,0.2896825396825397,0.26778242677824265,0.2565217391304348
106,11731,0.13592233009708737,0.08408796895213454,0.05804749340369393,0.05625,0.06606606606606606,0.11386861313868613,0.12447257383966245,0.15326975476839236,0.2146814404432133,0.23893183415319746,0.2857142857142857,0.33435818601076095,0.3319935691318328,0.3056255247691016,0.2700087950747581,0.27399650959860383
107,11732,0.08695652173913043,0.023809523809523808,0.04918032786885246,0.06153846153846154,0.08823529411764706,0.09836065573770492,0.14285714285714285,0.17117117117117117,0.18253968253968253,0.23846153846153847,0.1794871794871795,0.25,0.21008403361344538,0.21212121212121213,0.2578125,0.24615384615384617
108,11733,0.2775330396475771,0.162227602905569,0.11021069692058347,0.09407216494845361,0.11003627569528417,0.1410693970420933,0.12021857923497267,0.16593886462882096,0.2170212765957447,0.2823529411764706,0.32521315468940315,0.3793103448275862,0.35236768802228413,0.32838038632986627,0.3210862619808307,0.2932098765432099
109,11735,0.19473684210526315,0.11370716510903427,0.08189655172413793,0.09253731343283582,0.1267605633802817,0.15084294587400177,0.18283881315156375,0.2518037518037518,0.2972202423378475,0.3496708119970739,0.3675675675675676,0.3819173811379579,0.37530864197530867,0.391304347826087,0.3762975778546713,0.3977272727272727
110,11736,0.0,0.0,0.0,0.0,0.0,0.0,0.0,0.0,0.0,0.0,2.0,2.0,1.0,0.5,0.5,0.5
111,11737,0.0,0.0,0.0,0.0,0.0,0.0,0.5,0.0,0.0,0.0,0.0,0.0,0.0,0.0,0.5,1.0
112,11738,0.22580645161290322,0.1416184971098266,0.10852713178294573,0.09770992366412214,0.15474452554744525,0.20891364902506965,0.1981747066492829,0.23169107856191745,0.3051702395964691,0.33455433455433453,0.37220843672456577,0.3740359897172236,0.38430311231393777,0.37533875338753386,0.36428571428571427,0.3888888888888889
113,11739,0.1,0.09375,0.06521739130434782,0.044444444444444446,0.0625,0.058823529411764705,0.1111111111111111,0.11666666666666667,0.2413793103448276,0.35185185185185186,0.3333333333333333,0.2777777777777778,0.3333333333333333,0.17142857142857143,0.17142857142857143,0.15
114,11740,0.11023622047244094,0.07661290322580645,0.0392156862745098,0.04950495049504951,0.07875894988066826,0.08584686774941995,0.08968609865470852,0.12556053811659193,0.17672413793103448,0.2505643340857788,0.3348623853211009,0.3624161073825503,0.30238095238095236,0.3086734693877551,0.3286908077994429,0.33053221288515405
115,11741,0.21649484536082475,0.1190893169877408,0.09987819732034105,0.10295616717635066,0.11987704918032786,0.193158953722334,0.19888475836431227,0.21719858156028368,0.24825783972125434,0.2783851976450799,0.2991596638655462,0.337251356238698,0.3355140186915888,0.30048780487804877,0.3225130890052356,0.30924548352816156
116,11742,0.19760479041916168,0.11,0.10762331838565023,0.11844660194174757,0.13663366336633664,0.1941747572815534,0.18267419962335216,0.22338568935427575,0.27712854757929883,0.3245469522240527,0.3321976149914821,0.3661417322834646,0.32916666666666666,0.29336188436830835,0.34513274336283184,0.3475336322869955
117,11743,0.17375231053604437,0.08290685772773797,0.06010137581462708,0.07138221933809215,0.08847352024922119,0.12522576760987358,0.13704994192799072,0.17330462863293863,0.22675980655561526,0.27529923830250275,0.34668192219679633,0.4180622009569378,0.383183568677792,0.37269129287598945,0.36314727639542704,0.3598901098901099
118,11746,0.18891402714932126,0.11910828025477707,0.08630817894261184,0.10513447432762836,0.13686708860759494,0.1831888428194497,0.20897521768251842,0.2744853399875234,0.3489851560133293,0.40077937649880097,0.4484304932735426,0.5044143613890524,0.5035200489745945,0.5021888680425266,0.5034146341463415,0.4964099216710183
119,11747,0.140625,0.07592190889370933,0.05752212389380531,0.08014796547472257,0.12393681652490887,0.1549942594718714,0.13976164680390032,0.1729957805907173,0.25618945102260493,0.3010262257696693,0.35367372353673726,0.39397905759162305,0.4190871369294606,0.4088235294117647,0.4080370942812983,0.44333333333333336
120,11749,0.23529411764705882,0.22033898305084745,0.25882352941176473,0.28846153846153844,0.2564102564102564,0.2803030303030303,0.2846153846153846,0.29927007299270075,0.39869281045751637,0.3875,0.38372093023255816,0.4873417721518987,0.49635036496350365,0.46825396825396826,0.4661016949152542,0.49193548387096775
121,11750,0.0,0.0,0.0,0.0,0.0,0.0,0.0,0.6666666666666666,1.0,0.0,0.3333333333333333,0.6666666666666666,0.5,0.0,0.0,1.0
122,11751,0.18831168831168832,0.09965635738831616,0.08208955223880597,0.06465517241379311,0.11300639658848614,0.15873015873015872,0.16819012797074953,0.22410865874363328,0.2470389170896785,0.2556131260794473,0.33211678832116787,0.3895131086142322,0.3929273084479371,0.3425196850393701,0.3347826086956522,0.3
123,11752,0.0989010989010989,0.08743169398907104,0.06209150326797386,0.0838150289017341,0.11263736263736264,0.1400560224089636,0.17119565217391305,0.23529411764705882,0.2997601918465228,0.3644859813084112,0.3632183908045977,0.42857142857142855,0.45714285714285713,0.4094488188976378,0.39402173913043476,0.3407821229050279
124,11753,0.29931972789115646,0.17269076305220885,0.12320916905444126,0.09534883720930233,0.14135021097046413,0.16731517509727625,0.2126537785588752,0.2596439169139466,0.3247978436657682,0.3484107579462103,0.4239520958083832,0.4858548585485855,0.4844155844155844,0.48535564853556484,0.5034867503486751,0.5217983651226158
125,11754,0.20212765957446807,0.0954356846473029,0.06025824964131994,0.05717916137229987,0.08383961117861483,0.12227602905569007,0.13793103448275862,0.14337349397590363,0.17329910141206675,0.21458046767537828,0.26627218934911245,0.315625,0.3141025641025641,0.2533112582781457,0.2512,0.2708333333333333
126,11755,0.24836601307189543,0.1471698113207547,0.10904255319148937,0.08666666666666667,0.11715481171548117,0.18503937007874016,0.19884169884169883,0.20229007633587787,0.20272904483430798,0.22267206477732793,0.25918367346938775,0.31473214285714285,0.2689655172413793,0.2403846153846154,0.23832923832923833,0.2659846547314578
127,11756,0.20388349514563106,0.12467191601049869,0.08417200365965233,0.07886178861788617,0.12154696132596685,0.17794117647058824,0.17835262083049694,0.22215346534653466,0.27562246670526924,0.27848101265822783,0.3190639269406393,0.3335183129855716,0.34564498346196254,0.34357848518111966,0.3340695748205411,0.3194600674915636
128,11757,0.21748878923766815,0.15770171149144255,0.11091854419410745,0.09817351598173515,0.13828238719068414,0.2009873060648801,0.23293172690763053,0.2861576660459342,0.3191365227537923,0.337798485730926,0.3736199883788495,0.39381320642474715,0.3883374689826303,0.336734693877551,0.3211629479377958,0.32632293080054275
129,11758,0.14918032786885246,0.0885036496350365,0.050720100187852224,0.05875706214689266,0.08191313908741067,0.11361256544502618,0.1407260069617106,0.17330210772833723,0.21646489104116223,0.2410054213898472,0.27095808383233533,0.32123045890065555,0.2948207171314741,0.2634791454730417,0.2607568688439606,0.2496016994158258
130,11760,0.0,0.0,0.0,0.0,0.0,0.0,0.0,1.0,0.0,0.0,0.0,0.0,0.0,0.0,1.0,0.5
131,11762,0.1111111111111111,0.04782608695652174,0.031484257871064465,0.051655629139072845,0.06658291457286432,0.10348837209302325,0.10569105691056911,0.1257995735607676,0.14721919302071973,0.1865671641791045,0.2288329519450801,0.25966183574879226,0.2255125284738041,0.20935412026726058,0.19562841530054645,0.18924972004479285
132,11763,0.25,0.17229129662522202,0.17156286721504113,0.16358024691358025,0.2,0.25434583714547115,0.2723475355054302,0.29493087557603687,0.381021897810219,0.42664776754075123,0.44964539007092197,0.472992700729927,0.44830246913580246,0.4268292682926829,0.4356206630686199,0.4605678233438486
133,11764,0.24064171122994651,0.15789473684210525,0.1272365805168986,0.09710391822827939,0.11147540983606558,0.13344051446945338,0.13960546282245828,0.16929698708751795,0.20937042459736457,0.2348804500703235,0.24924924924924924,0.302066772655008,0.31261101243339257,0.2766798418972332,0.25311203319502074,0.26180257510729615
134,11765,0.25,0.0,0.07142857142857142,0.06666666666666667,0.15384615384615385,0.23076923076923078,0.13333333333333333,0.23529411764705882,0.18181818181818182,0.17391304347826086,0.23333333333333334,0.28,0.42857142857142855,0.25,0.3,0.18181818181818182
135,11766,0.2891566265060241,0.1724137931034483,0.13043478260869565,0.10441767068273092,0.1285444234404537,0.1657848324514991,0.16828478964401294,0.19435736677115986,0.22503961965134706,0.23013245033112584,0.22321428571428573,0.27586206896551724,0.28076923076923077,0.2791666666666667,0.22727272727272727,0.2267818574514039
136,11767,0.1542056074766355,0.09418282548476455,0.07169117647058823,0.0594855305466238,0.08638360175695461,0.1340941512125535,0.15612382234185734,0.16781292984869325,0.20028011204481794,0.20670391061452514,0.26,0.2866141732283465,0.2829581993569132,0.2900505902192243,0.24865831842576028,0.2338403041825095
137,11768,0.12048192771084337,0.05421686746987952,0.046875,0.03629976580796253,0.04475982532751092,0.07784431137724551,0.08293153326904533,0.11587147030185005,0.16158536585365854,0.2222222222222222,0.27134502923976606,0.3121319199057715,0.28150765606595995,0.23786407766990292,0.2650753768844221,0.27472527472527475
138,11769,0.17073170731707318,0.08666666666666667,0.07142857142857142,0.05714285714285714,0.0858085808580858,0.13994169096209913,0.16201117318435754,0.2184873949579832,0.26706231454005935,0.3522012578616352,0.3187919463087248,0.3210332103321033,0.31086142322097376,0.2339622641509434,0.22357723577235772,0.23444976076555024
139,11770,0.0,0.5,0.25,0.0,0.25,0.3333333333333333,0.6666666666666666,0.2,0.2,0.4,0.5,0.5,0.14285714285714285,0.4,0.4,0.0
140,11771,0.1,0.06306306306306306,0.0446927374301676,0.07582938388625593,0.0625,0.14878892733564014,0.1534090909090909,0.20984455958549222,0.23134328358208955,0.24019607843137256,0.24310776942355888,0.25569620253164554,0.24010554089709762,0.25815217391304346,0.2612359550561798,0.2598187311178248
141,11772,0.27850877192982454,0.1875,0.18061674008810572,0.19984859954579864,0.23426573426573427,0.2845528455284553,0.3137254901960784,0.3271420011983224,0.3830622546270331,0.43492586490939045,0.4438356164383562,0.4943374858437146,0.4930847865303668,0.4773809523809524,0.48117942283563364,0.4932649134060295
142,11773,0.5,0.3333333333333333,0.0,0.0,0.16666666666666666,0.2857142857142857,0.0,0.0,1.0,1.0,1.5,1.5,2.0,1.0,0.0,0.0
143,11774,0.0,0.0,0.0,0.0,0.0,0.0,0.0,0.0,0.0,0.0,0.0,0.0,0.0,0.0,0.0,0.0
144,11775,0.0,0.0,1.0,1.0,0.5,0.0,0.0,0.0,0.0,0.0,0.0,0.0,0.0,0.0,0.0,0.0
145,11776,0.29153605015673983,0.18129770992366412,0.12531645569620253,0.11255411255411256,0.16432865731462926,0.2193973634651601,0.2170138888888889,0.27335640138408307,0.3145869947275923,0.36044362292051757,0.3736059479553903,0.390104662226451,0.416,0.40105820105820106,0.4028384279475983,0.39135135135135135
146,11777,0.20161290322580644,0.1282051282051282,0.09966777408637874,0.12238805970149254,0.1615598885793872,0.1994750656167979,0.16666666666666666,0.20588235294117646,0.2562929061784897,0.3055555555555556,0.3386243386243386,0.3951612903225806,0.42363112391930835,0.42813455657492355,0.35570469798657717,0.3776978417266187
147,11778,0.29651162790697677,0.1717171717171717,0.09767441860465116,0.100990099009901,0.13479052823315119,0.16055846422338568,0.19487179487179487,0.23809523809523808,0.2939244663382594,0.33558178752107926,0.336734693877551,0.3618181818181818,0.3398230088495575,0.31640625,0.30158730158730157,0.3084886128364389
148,11779,0.21,0.11548223350253807,0.09067579127459367,0.09712230215827339,0.12594113620807665,0.16700066800267202,0.17470256731371323,0.2043076923076923,0.25741399762752076,0.28255813953488373,0.30292397660818715,0.35188739603326935,0.3583502366463827,0.3533101045296167,0.34182590233545646,0.3508522727272727
149,11780,0.19815668202764977,0.09358288770053476,0.056466302367941715,0.039938556067588324,0.09691629955947137,0.16619718309859155,0.15625,0.13910761154855644,0.1715076071922545,0.23579545454545456,0.2943854324734446,0.3191823899371069,0.28109854604200324,0.2664298401420959,0.24953095684803,0.23461538461538461
150,11782,0.14666666666666667,0.08235294117647059,0.07529411764705882,0.050880626223091974,0.10611510791366907,0.176759410801964,0.17901234567901234,0.1985611510791367,0.2159090909090909,0.25,0.28508124076809455,0.27811550151975684,0.2733333333333333,0.24655172413793103,0.21691176470588236,0.20081135902636918
151,11783,0.0967741935483871,0.05825242718446602,0.04455445544554455,0.05909090909090909,0.08148148148148149,0.11079943899018233,0.1053952321204517,0.15418994413407822,0.16743119266055045,0.19351100811123986,0.21894218942189422,0.2892768079800499,0.26560587515299877,0.2246469833119384,0.22868217054263565,0.23598435462842243
152,11784,0.24324324324324326,0.16326530612244897,0.12148337595907928,0.12302839116719243,0.1394658753709199,0.1522140221402214,0.18926296633303002,0.23183391003460208,0.302901023890785,0.3578767123287671,0.351555929352397,0.37333333333333335,0.3687099725526075,0.3813155386081983,0.4035608308605341,0.4238603297769156
153,11786,0.2743362831858407,0.14285714285714285,0.08695652173913043,0.0893371757925072,0.13068181818181818,0.1871508379888268,0.19302949061662197,0.22905027932960895,0.266304347826087,0.2650273224043716,0.2885714285714286,0.28343949044585987,0.3258426966292135,0.28270042194092826,0.2711864406779661,0.3153526970954357
154,11787,0.16074450084602368,0.0782608695652174,0.053461274845784786,0.05904059040590406,0.10919881305637982,0.1664785553047404,0.15417558886509636,0.18011758417958312,0.19588202559821927,0.24481566820276499,0.2719459791282996,0.2999322951929587,0.2916368834882059,0.25675675675675674,0.25040650406504067,0.24341580207501995
155,11788,0.16736401673640167,0.09375,0.06456692913385827,0.062326869806094184,0.08241758241758242,0.1380697050938338,0.148,0.16775884665792923,0.1989247311827957,0.23351648351648352,0.2597402597402597,0.3439878234398782,0.3463338533541342,0.3063209076175041,0.2805872756933116,0.27041742286751363
156,11789,0.22826086956521738,0.16049382716049382,0.13008130081300814,0.11842105263157894,0.1437125748502994,0.2267080745341615,0.2088235294117647,0.20396600566572237,0.25,0.2953929539295393,0.2924791086350975,0.34146341463414637,0.3848797250859107,0.33203125,0.2777777777777778,0.2823529411764706
157,11790,0.17415730337078653,0.10526315789473684,0.08418891170431211,0.0706713780918728,0.1187800963081862,0.1537290715372907,0.15327380952380953,0.18153364632237873,0.18914473684210525,0.21993127147766323,0.26194690265486725,0.2813102119460501,0.2839756592292089,0.2680851063829787,0.2853932584269663,0.3136842105263158
158,11791,0.175,0.11889596602972399,0.07122507122507123,0.071849234393404,0.11293859649122807,0.15833333333333333,0.1556350626118068,0.19076923076923077,0.26005547850208044,0.2927335640138408,0.3578042328042328,0.40683879972086534,0.4112280701754386,0.4063656550703183,0.4232424677187948,0.41133186166298746
159,11792,0.24324324324324326,0.15422885572139303,0.09210526315789473,0.09090909090909091,0.11547911547911548,0.18244803695150116,0.1826086956521739,0.23839662447257384,0.27078891257995735,0.32723112128146453,0.36065573770491804,0.43041237113402064,0.3861111111111111,0.3270440251572327,0.32087227414330216,0.30124223602484473
160,11793,0.16844919786096257,0.08892128279883382,0.061507936507936505,0.06148282097649186,0.08917748917748917,0.1320754716981132,0.14792899408284024,0.17693981145757795,0.20216606498194944,0.22412562455389007,0.25978915662650603,0.29438893159108376,0.2932216298552932,0.2501936483346243,0.23254029163468917,0.24504361617763679
161,11794,0.0,0.0,0.0,0.0,0.08333333333333333,0.16666666666666666,0.36363636363636365,0.3333333333333333,0.25,0.5,0.5,1.0,0.3333333333333333,0.3333333333333333,0.3333333333333333,0.3333333333333333
162,11795,0.12274368231046931,0.05825242718446602,0.04797047970479705,0.04564315352697095,0.08424182358771061,0.1500465983224604,0.15466666666666667,0.2205128205128205,0.25130434782608696,0.2408695652173913,0.29908256880733947,0.28429423459244535,0.3125649013499481,0.29392265193370165,0.26573426573426573,0.2646341463414634
163,11796,0.07894736842105263,0.09722222222222222,0.07142857142857142,0.08333333333333333,0.0703125,0.09395973154362416,0.11320754716981132,0.1566265060240964,0.19553072625698323,0.2032967032967033,0.26857142857142857,0.3161290322580645,0.34285714285714286,0.2925170068027211,0.2585034013605442,0.35294117647058826
164,11797,0.09195402298850575,0.08843537414965986,0.0380952380952381,0.058823529411764705,0.10877192982456141,0.12225705329153605,0.16718266253869968,0.20396600566572237,0.2770083102493075,0.3464566929133858,0.43351063829787234,0.4265927977839335,0.4115942028985507,0.3869047619047619,0.3763440860215054,0.3974025974025974
165,11798,0.273972602739726,0.2182741116751269,0.21981981981981982,0.23684210526315788,0.2766531713900135,0.3682219419924338,0.4020857473928158,0.42548596112311016,0.5084915084915085,0.524822695035461,0.5732430143945809,0.6473029045643154,0.6424870466321243,0.6541889483065954,0.6555555555555556,0.6773602199816682
166,11801,0.21641791044776118,0.13416320885200553,0.12003872216844143,0.12383375742154368,0.15838247683235046,0.25019485580670303,0.2683103698332125,0.34808067664281067,0.38335358444714457,0.3983050847457627,0.46650859513930054,0.5103857566765578,0.5147891755821271,0.5117647058823529,0.5235602094240838,0.5335068314899154
167,11802,0.0,0.0,0.0,0.0,0.5,0.0,0.5,0.25,0.5,0.7142857142857143,0.6,0.5,0.0,0.0,0.0,1.0
168,11803,0.2088235294117647,0.11716171617161716,0.07764705882352942,0.07892004153686397,0.12154150197628459,0.16069788797061524,0.16793893129770993,0.2085201793721973,0.2821997105643994,0.30269523151347616,0.37014314928425357,0.4141891891891892,0.41868279569892475,0.41901408450704225,0.4691977077363897,0.48698099929627026
169,11804,0.24675324675324675,0.13178294573643412,0.1005586592178771,0.10194174757281553,0.14563106796116504,0.18222222222222223,0.26141078838174275,0.2490974729241877,0.3284132841328413,0.3787878787878788,0.41245136186770426,0.4475806451612903,0.46311475409836067,0.45217391304347826,0.4358974358974359,0.46122448979591835
170,11815,0.0,0.0,0.0,0.0,0.0,0.0,0.0,0.0,0.0,0.0,0.0,0.0,0.0,0.0,0.0,0.0
171,11819,0.0,0.0,0.0,0.0,0.0,0.0,0.0,0.0,0.0,0.0,0.0,0.0,0.0,0.0,0.0,0.0
172,11853,0.0,0.0,0.0,0.0,0.0,0.0,0.0,0.0,0.0,0.0,0.0,0.0,0.0,0.0,0.0,0.0
173,11854,0.0,0.0,0.0,0.0,0.0,0.0,0.0,0.0,0.0,0.0,0.0,0.0,0.0,0.0,0.0,0.0
174,11855,0.0,0.0,0.0,0.0,0.0,0.0,0.0,0.0,0.0,0.0,0.0,0.0,0.0,0.0,0.0,0.0
175,11901,0.2936170212765957,0.24361948955916474,0.3054187192118227,0.31926863572433195,0.38491547464239273,0.43764988009592326,0.48934010152284263,0.5279091769157994,0.547759932375317,0.6007905138339921,0.6539953452288596,0.6521116678596993,0.612289685442575,0.597684515195369,0.6127659574468085,0.6154376292212267
176,11930,0.29411764705882354,0.22580645161290322,0.14285714285714285,0.20689655172413793,0.2903225806451613,0.4025974025974026,0.5277777777777778,0.5897435897435898,0.4810126582278481,0.5443037974683544,0.5131578947368421,0.6805555555555556,0.6119402985074627,0.5806451612903226,0.4642857142857143,0.62
177,11931,0.1,0.06666666666666667,0.15625,0.11764705882352941,0.19148936170212766,0.22033898305084745,0.31746031746031744,0.3283582089552239,0.35714285714285715,0.484375,0.5862068965517241,0.5535714285714286,0.5306122448979592,0.4,0.5,0.35
178,11932,0.5,0.36,0.25806451612903225,0.25806451612903225,0.24324324324324326,0.425,0.38636363636363635,0.5319148936170213,0.45098039215686275,0.42857142857142855,0.47540983606557374,0.43859649122807015,0.36923076923076925,0.49122807017543857,0.5862068965517241,0.6226415094339622
179,11933,0.2222222222222222,0.2169811320754717,0.2111801242236025,0.14903846153846154,0.22869955156950672,0.32113821138211385,0.3333333333333333,0.375,0.4637096774193548,0.4980237154150198,0.5393700787401575,0.48854961832061067,0.47058823529411764,0.45161290322580644,0.45662100456621,0.48847926267281105
180,11934,0.2558139534883721,0.13529411764705881,0.17094017094017094,0.16791044776119404,0.17905405405405406,0.1988472622478386,0.24603174603174602,0.29411764705882354,0.3165137614678899,0.3524229074889868,0.381057268722467,0.4334862385321101,0.4306569343065693,0.37851662404092073,0.3850415512465374,0.384180790960452
181,11935,0.2692307692307692,0.125,0.125,0.09090909090909091,0.1504424778761062,0.2018348623853211,0.17355371900826447,0.20192307692307693,0.2894736842105263,0.3076923076923077,0.4,0.45217391304347826,0.49038461538461536,0.411214953271028,0.5773195876288659,0.5056179775280899
182,11937,0.34579439252336447,0.24649859943977592,0.2242798353909465,0.2426470588235294,0.32033898305084746,0.4032258064516129,0.44549125168236875,0.4644736842105263,0.5,0.4891891891891892,0.5236875800256082,0.600263852242744,0.5868347338935574,0.5477888730385164,0.4967845659163987,0.5354200988467874
183,11939,0.1111111111111111,0.0625,0.05,0.045454545454545456,0.043478260869565216,0.2916666666666667,0.28125,0.5,0.65,0.8571428571428571,0.42105263157894735,0.38095238095238093,0.3076923076923077,0.3225806451612903,0.5,0.5172413793103449
184,11940,0.27586206896551724,0.12844036697247707,0.12413793103448276,0.1564245810055866,0.20967741935483872,0.22705314009661837,0.2602739726027397,0.248868778280543,0.33043478260869563,0.31981981981981983,0.3562231759656652,0.40789473684210525,0.3905579399141631,0.3918918918918919,0.38388625592417064,0.38235294117647056
185,11941,0.2777777777777778,0.1935483870967742,0.20833333333333334,0.2037037037037037,0.2,0.23943661971830985,0.3409090909090909,0.32989690721649484,0.47368421052631576,0.47959183673469385,0.43820224719101125,0.4725274725274725,0.4666666666666667,0.41975308641975306,0.47368421052631576,0.4805194805194805
186,11942,0.27586206896551724,0.21666666666666667,0.17346938775510204,0.1111111111111111,0.11971830985915492,0.20710059171597633,0.25757575757575757,0.3080568720379147,0.36909871244635195,0.46956521739130436,0.4342105263157895,0.4730290456431535,0.4835680751173709,0.43891402714932126,0.42790697674418604,0.43902439024390244
187,11944,0.36,0.27058823529411763,0.18269230769230768,0.2644628099173554,0.3106060606060606,0.3939393939393939,0.45038167938931295,0.45255474452554745,0.4931506849315068,0.5244755244755245,0.6121212121212121,0.6555555555555556,0.6477272727272727,0.6058823529411764,0.5637583892617449,0.6153846153846154
188,11946,0.32653061224489793,0.2513089005235602,0.2947019867549669,0.3726541554959786,0.43914081145584727,0.486,0.4288164665523156,0.41807044410413474,0.4592391304347826,0.5325936199722607,0.5787292817679558,0.5737704918032787,0.5796703296703297,0.5049226441631505,0.5172413793103449,0.5234248788368336
189,11947,0.0,0.08333333333333333,0.06666666666666667,0.058823529411764705,0.047619047619047616,0.09090909090909091,0.25,0.2,0.34782608695652173,0.391304347826087,0.3448275862068966,0.3225806451612903,0.26666666666666666,0.25,0.3103448275862069,0.4230769230769231
190,11948,0.5,0.35294117647058826,0.3333333333333333,0.2962962962962963,0.16666666666666666,0.21739130434782608,0.2391304347826087,0.275,0.2765957446808511,0.4897959183673469,0.660377358490566,0.6666666666666666,0.5897435897435898,0.43902439024390244,0.4827586206896552,0.4444444444444444
191,11949,0.21678321678321677,0.13194444444444445,0.1162280701754386,0.10307414104882459,0.15692821368948248,0.20436817472698907,0.21562952243125905,0.20454545454545456,0.24598930481283424,0.3085399449035813,0.31875881523272215,0.3794642857142857,0.3859375,0.3438485804416404,0.30973451327433627,0.31504424778761064
192,11950,0.3464052287581699,0.21221864951768488,0.21499013806706113,0.23275862068965517,0.2990506329113924,0.3293943870014771,0.33553500660501984,0.38594327990135635,0.4392857142857143,0.4894795127353267,0.5083056478405316,0.5454545454545454,0.5407047387606319,0.5047058823529412,0.48891481913652274,0.4896174863387978
193,11951,0.2796610169491525,0.19844357976653695,0.1968503937007874,0.2222222222222222,0.24008810572687225,0.2892561983471074,0.3320964749536178,0.35917721518987344,0.41117478510028654,0.4657534246575342,0.4979973297730307,0.5347517730496454,0.5422427035330261,0.5420560747663551,0.5089430894308943,0.5031152647975078
194,11952,0.3225806451612903,0.21568627450980393,0.16304347826086957,0.10833333333333334,0.1032258064516129,0.16363636363636364,0.19298245614035087,0.22289156626506024,0.2389937106918239,0.358974358974359,0.43902439024390244,0.43558282208588955,0.41358024691358025,0.3708609271523179,0.5136986301369864,0.46296296296296297
195,11953,0.29838709677419356,0.167420814479638,0.15497076023391812,0.1466992665036675,0.15632754342431762,0.2099056603773585,0.23799582463465555,0.26666666666666666,0.3421588594704684,0.36398467432950193,0.40225563909774437,0.4260355029585799,0.4337606837606838,0.4133949191685912,0.43825665859564167,0.45121951219512196
196,11954,0.2926829268292683,0.27692307692307694,0.22077922077922077,0.2602739726027397,0.2967032967032967,0.37373737373737376,0.3888888888888889,0.4444444444444444,0.42276422764227645,0.4375,0.518796992481203,0.5128205128205128,0.5149253731343284,0.4700854700854701,0.45,0.5760869565217391
197,11955,0.14285714285714285,0.11764705882352941,0.12280701754385964,0.23333333333333334,0.30303030303030304,0.31343283582089554,0.30952380952380953,0.32967032967032966,0.3402061855670103,0.3584905660377358,0.40860215053763443,0.4823529411764706,0.4838709677419355,0.5051546391752577,0.4166666666666667,0.43
198,11956,0.5,0.25,0.0,0.2,0.2,0.4,0.4444444444444444,0.4,0.4444444444444444,0.18181818181818182,0.26666666666666666,0.3076923076923077,0.46153846153846156,0.6363636363636364,0.5555555555555556,0.3333333333333333
199,11957,0.25,0.16666666666666666,0.0,0.0,0.05555555555555555,0.17647058823529413,0.11764705882352941,0.11764705882352941,0.07142857142857142,0.3333333333333333,0.3076923076923077,0.3333333333333333,0.38461538461538464,0.3333333333333333,0.5833333333333334,0.6
200,11958,0.2,0.0,0.11764705882352941,0.23529411764705882,0.375,0.25,0.1875,0.20833333333333334,0.4583333333333333,0.631578947368421,0.6,0.5666666666666667,0.5666666666666667,0.7,0.65,0.5
201,11959,0.4,0.1,0.14285714285714285,0.2,0.13043478260869565,0.25,0.3333333333333333,0.3142857142857143,0.5,0.4883720930232558,0.5227272727272727,0.5,0.4878048780487805,0.5,0.3953488372093023,0.5
202,11960,0.2727272727272727,0.14285714285714285,0.125,0.09523809523809523,0.1951219512195122,0.23255813953488372,0.2,0.1111111111111111,0.2727272727272727,0.3793103448275862,0.44642857142857145,0.41379310344827586,0.3898305084745763,0.27586206896551724,0.3090909090909091,0.37777777777777777
203,11961,0.23958333333333334,0.17391304347826086,0.13973799126637554,0.12546125461254612,0.13220338983050847,0.20359281437125748,0.2630208333333333,0.3160493827160494,0.33698030634573306,0.3608490566037736,0.37745098039215685,0.44141689373297005,0.3988919667590028,0.3971830985915493,0.39946380697050937,0.41032608695652173
204,11962,0.0,0.0,0.0,0.23076923076923078,0.2222222222222222,0.47368421052631576,0.375,0.36363636363636365,0.5,0.3333333333333333,0.18181818181818182,0.23529411764705882,0.4117647058823529,0.25,0.1875,0.42857142857142855
205,11963,0.28,0.16666666666666666,0.14935064935064934,0.21965317919075145,0.20652173913043478,0.27699530516431925,0.3065134099616858,0.32974910394265233,0.39416058394160586,0.41818181818181815,0.4528985507246377,0.49280575539568344,0.4674329501915709,0.43243243243243246,0.462882096069869,0.5121951219512195
206,11964,0.16666666666666666,0.2,0.07692307692307693,0.09090909090909091,0.08333333333333333,0.3333333333333333,0.27906976744186046,0.26666666666666666,0.2926829268292683,0.391304347826087,0.3191489361702128,0.46296296296296297,0.43103448275862066,0.38461538461538464,0.38095238095238093,0.46511627906976744
207,11965,0.0,0.0,0.14285714285714285,0.2,0.2727272727272727,0.14285714285714285,0.2222222222222222,0.2777777777777778,0.4090909090909091,0.68,0.5263157894736842,0.3157894736842105,0.3333333333333333,0.35294117647058826,0.15789473684210525,0.29411764705882354
208,11967,0.27586206896551724,0.22381930184804927,0.22281879194630871,0.21693735498839908,0.23265741728922093,0.2694672131147541,0.30324909747292417,0.3399833748960931,0.3811349693251534,0.43164933135215455,0.4574780058651026,0.5215773809523809,0.5187452180566182,0.49068825910931174,0.46987951807228917,0.44229149115417016
209,11968,0.23076923076923078,0.15286624203821655,0.25390625,0.2947019867549669,0.3627760252365931,0.3760217983651226,0.3674418604651163,0.37656903765690375,0.46062992125984253,0.4847870182555781,0.5369978858350951,0.5943600867678959,0.5125523012552301,0.4782608695652174,0.4911894273127753,0.5037220843672456
210,11969,0.3076923076923077,0.3333333333333333,0.36363636363636365,0.37037037037037035,0.2916666666666667,0.3333333333333333,0.3783783783783784,0.3902439024390244,0.5897435897435898,0.5121951219512195,0.3877551020408163,0.48214285714285715,0.6909090909090909,0.631578947368421,0.4473684210526316,0.3939393939393939
211,11970,0.0,0.2,0.16666666666666666,0.0,0.0,0.3333333333333333,0.25,0.2857142857142857,0.2222222222222222,0.5714285714285714,0.4,0.5,0.6666666666666666,0.6666666666666666,0.6666666666666666,0.6
212,11971,0.2692307692307692,0.16049382716049382,0.12295081967213115,0.12686567164179105,0.09333333333333334,0.16091954022988506,0.2154696132596685,0.2602040816326531,0.32338308457711445,0.3933649289099526,0.4212962962962963,0.5223880597014925,0.4947916666666667,0.4808743169398907,0.4941860465116279,0.5286624203821656
213,11972,0.2,0.14285714285714285,0.15,0.045454545454545456,0.19230769230769232,0.25,0.1794871794871795,0.28,0.3333333333333333,0.41025641025641024,0.5,0.5476190476190477,0.6,0.42857142857142855,0.5,0.5135135135135135
214,11973,0.5,0.0,0.0,0.0,0.25,0.16666666666666666,0.0,0.16666666666666666,0.25,0.0,0.0,0.0,0.0,0.0,0.0,0.0
215,11975,0.1111111111111111,0.15,0.20833333333333334,0.16666666666666666,0.42857142857142855,0.5714285714285714,0.4444444444444444,0.3157894736842105,0.30434782608695654,0.36,0.5185185185185185,0.4782608695652174,0.6153846153846154,0.4444444444444444,0.5161290322580645,0.44
216,11976,0.2727272727272727,0.1724137931034483,0.25,0.2549019607843137,0.39215686274509803,0.31666666666666665,0.3939393939393939,0.24324324324324326,0.4084507042253521,0.4782608695652174,0.5072463768115942,0.46153846153846156,0.5573770491803278,0.5,0.5,0.46296296296296297
217,11977,0.21428571428571427,0.16129032258064516,0.1206896551724138,0.10144927536231885,0.14736842105263157,0.20353982300884957,0.26229508196721313,0.29770992366412213,0.3333333333333333,0.43,0.4791666666666667,0.49,0.48863636363636365,0.3670886075949367,0.42528735632183906,0.3617021276595745
218,11978,0.17857142857142858,0.16326530612244897,0.2222222222222222,0.2875,0.29545454545454547,0.336283185840708,0.392,0.48226950354609927,0.45695364238410596,0.52046783625731,0.5340909090909091,0.5138121546961326,0.5227272727272727,0.5240963855421686,0.480225988700565,0.5058823529411764
219,11980,0.2916666666666667,0.24675324675324675,0.12605042016806722,0.11347517730496454,0.13380281690140844,0.21897810218978103,0.21052631578947367,0.1986754966887417,0.29559748427672955,0.35294117647058826,0.36875,0.43037974683544306,0.34415584415584416,0.32298136645962733,0.3680555555555556,0.3120567375886525
