,zip,2008,2009,2010,2011,2012,2013,2014,2015,2016,2017,2018,2019,2020,2021
0,501,0.0,0.0,0.0,0.0,0.0,0.0,0.0,0.0,0.0,0.0,0.0,0.5,1.0,0.0
1,544,0.0,0.0,0.0,0.0,0.0,0.0,0.0,0.0,0.0,0.0,0.0,0.0,0.0,0.0
2,6390,0.0,0.0,0.0,0.0,1.0,1.0,0.25,0.25,0.0,0.0,0.0,0.0,0.0,0.0
3,11001,0.19722222222222222,0.14309210526315788,0.1347678369195923,0.15328467153284672,0.175564681724846,0.2487611496531219,0.2827272727272727,0.304421768707483,0.3534201954397394,0.39158576051779936,0.43430962343096235,0.48945518453427067,0.4584450402144772,0.432808155699722
4,11003,0.2793103448275862,0.18640576725025745,0.14963503649635038,0.16977491961414792,0.22853688029020555,0.30282485875706217,0.3404365904365904,0.4120654396728016,0.4784102060843965,0.5012370113805047,0.5423076923076923,0.5714285714285714,0.5585632483081728,0.5587752870420996
5,11010,0.1746031746031746,0.136,0.10238429172510519,0.12185929648241206,0.144,0.17376681614349776,0.20996818663838812,0.2487611496531219,0.26171875,0.32576505429417574,0.3425196850393701,0.3220164609053498,0.3329886246122027,0.32638164754953075
6,11020,0.26436781609195403,0.2158273381294964,0.14754098360655737,0.13574660633484162,0.1752988047808765,0.25675675675675674,0.2620481927710843,0.2909604519774011,0.3421750663129973,0.4087193460490463,0.42857142857142855,0.4631268436578171,0.4269340974212034,0.41389728096676737
7,11021,0.22807017543859648,0.14682539682539683,0.0947075208913649,0.10514018691588785,0.09839357429718876,0.14234234234234233,0.16805324459234608,0.21406727828746178,0.24204702627939143,0.28891820580474936,0.3230769230769231,0.34177215189873417,0.33921815889029006,0.33879093198992444
8,11022,0.0,0.0,0.0,0.0,0.5,0.3333333333333333,1.0,0.75,0.6,0.3333333333333333,0.5,0.5,0.0,0.0
9,11023,0.17073170731707318,0.09523809523809523,0.08085106382978724,0.07213114754098361,0.07894736842105263,0.08120649651972157,0.1342281879194631,0.1443089430894309,0.18200408997955012,0.23076923076923078,0.24007561436672967,0.2564575645756458,0.27964601769911507,0.23508137432188064
10,11024,0.19117647058823528,0.13385826771653545,0.04225352112676056,0.04780876494023904,0.07796610169491526,0.11988304093567251,0.14555256064690028,0.1475,0.1527777777777778,0.20422535211267606,0.24355971896955503,0.22541966426858512,0.2512315270935961,0.1628498727735369
11,11025,0.0,0.0,0.0,0.0,0.0,0.5,0.0,0.0,0.0,0.0,0.0,0.0,0.0,0.0
12,11026,1.0,1.0,1.0,1.0,1.0,0.0,0.0,1.0,1.0,1.0,0.0,0.0,1.0,1.0
13,11027,1.0,1.0,1.0,1.0,1.0,1.0,1.0,1.0,0.75,0.6,0.3333333333333333,0.5,0.0,0.0
14,11030,0.18243243243243243,0.08633093525179857,0.07728337236533958,0.07485604606525911,0.14821428571428572,0.19138755980861244,0.1794871794871795,0.18693982074263765,0.20405576679340937,0.23116883116883116,0.27249357326478146,0.29365079365079366,0.2885117493472585,0.290633608815427
15,11040,0.2411764705882353,0.1553973902728351,0.11391304347826087,0.13812154696132597,0.17620137299771166,0.23302358827734096,0.2665799739921977,0.32957244655581946,0.3363740022805017,0.3869346733668342,0.40770465489566615,0.4703023758099352,0.4616234124792932,0.4755125284738041
16,11041,0.0,0.0,0.0,0.0,0.0,0.0,0.0,0.0,0.0,0.0,0.0,0.0,0.0,0.0
17,11042,0.0,0.0,0.0,0.5,0.5,0.0,0.0,0.0,0.5,0.375,0.4166666666666667,0.5384615384615384,0.5333333333333333,0.42857142857142855
18,11043,0.0,0.0,0.0,0.0,1.0,2.0,1.0,0.0,0.0,0.0,0.0,0.0,1.0,1.0
19,11044,0.0,0.0,0.0,0.0,0.0,1.0,1.0,1.0,0.0,0.0,0.0,0.0,0.0,0.0
20,11050,0.25384615384615383,0.16379310344827586,0.0928462709284627,0.09782608695652174,0.12710084033613445,0.18948322756119673,0.19477234401349072,0.22292490118577074,0.22162162162162163,0.27319970304380103,0.33525594808940157,0.3730218538055765,0.38970023059185244,0.34578696343402227
21,11051,0.0,0.0,0.0,0.0,0.0,0.0,0.0,0.0,0.0,0.0,0.0,0.0,0.0,0.0
22,11052,0.0,0.0,0.0,0.0,0.0,0.0,0.0,0.0,0.0,0.0,1.0,1.0,0.0,0.0
23,11053,0.0,0.0,0.0,0.0,0.0,0.0,0.0,0.0,0.0,0.0,0.0,0.0,1.0,1.0
24,11054,0.0,0.0,0.0,0.0,0.0,0.0,0.0,0.0,1.0,1.0,0.0,0.0,0.0,0.0
25,11055,0.0,0.0,0.0,0.0,0.0,0.0,0.0,0.0,0.0,0.0,0.0,0.0,0.0,0.0
26,11096,0.3157894736842105,0.23870967741935484,0.22790697674418606,0.2151394422310757,0.23897058823529413,0.2947019867549669,0.3296398891966759,0.4433249370277078,0.4618834080717489,0.47433264887063653,0.4868913857677903,0.5317164179104478,0.5017241379310344,0.50177304964539
27,11099,0.0,0.0,0.0,0.0,0.0,0.0,0.0,0.0,0.0,0.0,0.0,0.0,0.0,0.0
28,11501,0.23711340206185566,0.12462006079027356,0.08370044052863436,0.08097165991902834,0.11380597014925373,0.16782006920415224,0.2062992125984252,0.2966573816155989,0.32506527415143605,0.3664516129032258,0.40981432360742703,0.41015625,0.3921832884097035,0.39514978601997147
29,11507,0.18292682926829268,0.1069182389937107,0.11297071129707113,0.12915129151291513,0.1678832116788321,0.19865319865319866,0.2229299363057325,0.2732919254658385,0.2679738562091503,0.344311377245509,0.39520958083832336,0.4316109422492401,0.42718446601941745,0.4215686274509804
30,11509,0.19230769230769232,0.0975609756097561,0.017543859649122806,0.014084507042253521,0.07142857142857142,0.047619047619047616,0.11267605633802817,0.19718309859154928,0.2698412698412698,0.18840579710144928,0.26666666666666666,0.2909090909090909,0.32608695652173914,0.29545454545454547
31,11510,0.24157303370786518,0.152,0.10412147505422993,0.1132420091324201,0.14913793103448275,0.19448818897637796,0.21525885558583105,0.29742233972240584,0.35700697526949904,0.395900064061499,0.43446920052424637,0.46190476190476193,0.48121387283236994,0.45197319434102756
32,11514,0.28846153846153844,0.19318181818181818,0.17391304347826086,0.128,0.1111111111111111,0.23076923076923078,0.20408163265306123,0.20261437908496732,0.22289156626506024,0.2808988764044944,0.3333333333333333,0.3076923076923077,0.2925531914893617,0.2774869109947644
33,11516,0.03488372093023256,0.047058823529411764,0.046610169491525424,0.05102040816326531,0.06796116504854369,0.09941520467836257,0.16201117318435754,0.16019417475728157,0.18385650224215247,0.21384928716904278,0.2504743833017078,0.301556420233463,0.3595505617977528,0.3269961977186312
34,11518,0.18248175182481752,0.10638297872340426,0.09119496855345911,0.09943181818181818,0.14325842696629212,0.17557251908396945,0.22033898305084745,0.2494061757719715,0.3277511961722488,0.34101382488479265,0.36428571428571427,0.3915094339622642,0.3506172839506173,0.29396325459317585
35,11520,0.37050359712230213,0.26006191950464397,0.23771152296535053,0.22987721691678034,0.2731893265565438,0.31235011990407674,0.3935309973045822,0.46871846619576185,0.5279211637728766,0.550545799715235,0.5950605778191985,0.6342031686859273,0.6239526860522425,0.5893939393939394
36,11530,0.15027322404371585,0.09940652818991098,0.0661764705882353,0.09134615384615384,0.10009442870632672,0.13636363636363635,0.13924050632911392,0.15808823529411764,0.1806633733239238,0.208,0.2548872180451128,0.28296067848882034,0.2852689010132502,0.2471819645732689
37,11531,0.0,0.0,0.0,0.0,0.0,0.0,0.0,0.0,0.0,0.0,0.0,0.0,0.0,0.0
38,11535,0.0,0.0,0.0,0.0,0.0,1.0,0.0,0.0,1.0,1.0,0.0,0.0,0.0,0.0
39,11536,0.5,1.0,0.0,0.0,0.0,0.0,0.0,0.0,0.0,0.0,0.0,0.0,0.0,0.0
40,11542,0.15918367346938775,0.0876068376068376,0.08504398826979472,0.08795669824086604,0.11604938271604938,0.2881944444444444,0.31449893390191896,0.3304093567251462,0.3574833174451859,0.3916967509025271,0.4116022099447514,0.42162698412698413,0.41182266009852214,0.4225941422594142
41,11545,0.12413793103448276,0.06792452830188679,0.07823960880195599,0.08158508158508158,0.10042735042735043,0.15468409586056645,0.17984189723320157,0.18666666666666668,0.19320214669051877,0.266173752310536,0.3079777365491651,0.31673306772908366,0.3333333333333333,0.2749445676274945
42,11547,0.15,0.16666666666666666,0.08108108108108109,0.03333333333333333,0.0,0.09090909090909091,0.14634146341463414,0.17777777777777778,0.25,0.28,0.4,0.18604651162790697,0.29411764705882354,0.2702702702702703
43,11548,0.0625,0.13333333333333333,0.21428571428571427,0.0851063829787234,0.20689655172413793,0.2878787878787879,0.2647058823529412,0.30303030303030304,0.3142857142857143,0.23728813559322035,0.35185185185185186,0.32608695652173914,0.4186046511627907,0.3181818181818182
44,11549,0.2,0.0,0.0,0.0,0.17857142857142858,0.26666666666666666,0.5217391304347826,0.7,1.6666666666666667,3.0,1.5,0.5,0.5,1.0
45,11550,0.25289017341040465,0.2051063829787234,0.17795566502463053,0.22013562858633282,0.2988560533841754,0.3737906772207564,0.4717131474103586,0.5888443553774215,0.6570483919446949,0.6788218793828892,0.7055674518201285,0.7283295425827647,0.7329048843187661,0.7284328739152629
46,11551,0.3333333333333333,0.0,0.0,0.0,0.0,0.2,0.25,0.5,0.6666666666666666,0.75,0.3333333333333333,0.16666666666666666,0.14285714285714285,0.25
47,11552,0.19011406844106463,0.12877263581488935,0.0975609756097561,0.12895927601809956,0.16825396825396827,0.21031746031746032,0.2513562386980108,0.31715481171548116,0.3610648918469218,0.37376237623762376,0.4014962593516209,0.43470790378006874,0.44194107452339687,0.41459074733096085
48,11553,0.29354838709677417,0.23204419889502761,0.1910828025477707,0.21685508735868447,0.2940630797773655,0.36548223350253806,0.46045418950665623,0.5581717451523546,0.5958549222797928,0.6290743155149935,0.6641123882503193,0.6799254195152269,0.6632911392405063,0.6658259773013872
49,11554,0.18873239436619718,0.12752721617418353,0.11682743837084673,0.12476007677543186,0.1687170474516696,0.22861710631494805,0.22521865889212828,0.26883206634416035,0.2978723404255319,0.32297734627831715,0.36876640419947504,0.40264026402640263,0.3811118553248493,0.34206989247311825
50,11555,0.0,0.0,0.0,0.0,0.0,0.0,0.0,0.0,1.0,0.5,1.0,0.0,0.0,0.0
51,11556,1.0,1.0,1.0,0.2,0.2857142857142857,0.125,0.125,0.25,0.2857142857142857,0.1,0.3333333333333333,0.5,0.3,0.25
52,11557,0.2,0.11055276381909548,0.08487084870848709,0.08441558441558442,0.11854103343465046,0.14945652173913043,0.22758620689655173,0.25054945054945055,0.29772727272727273,0.3094688221709007,0.3333333333333333,0.36253041362530414,0.3569553805774278,0.3219895287958115
53,11558,0.23076923076923078,0.14906832298136646,0.09313725490196079,0.0859375,0.13008130081300814,0.14336917562724014,0.21245421245421245,0.24468085106382978,0.24422442244224424,0.23026315789473684,0.34545454545454546,0.44970414201183434,0.4304635761589404,0.4076923076923077
54,11559,0.07627118644067797,0.04081632653061224,0.036231884057971016,0.05105105105105105,0.03581267217630854,0.0646900269541779,0.0985576923076923,0.15456674473067916,0.23788546255506607,0.2462526766595289,0.2731182795698925,0.302540415704388,0.3881278538812785,0.3615023474178404
55,11560,0.13559322033898305,0.03676470588235294,0.03414634146341464,0.06451612903225806,0.06563706563706563,0.1927710843373494,0.24390243902439024,0.22992700729927007,0.2602739726027397,0.2992957746478873,0.2727272727272727,0.34172661870503596,0.31756756756756754,0.33214285714285713
56,11561,0.2236842105263158,0.14353312302839116,0.1018957345971564,0.07914438502673797,0.08416389811738649,0.1029082774049217,0.18256410256410258,0.22679324894514769,0.24124124124124124,0.25725725725725723,0.27703398558187436,0.3023696682464455,0.26915708812260536,0.24074074074074073
57,11563,0.2188679245283019,0.15349887133182843,0.11714770797962648,0.12788906009244994,0.15629322268326418,0.18073878627968337,0.19030732860520094,0.23404255319148937,0.3077742279020234,0.3375796178343949,0.37527352297593,0.4083044982698962,0.41647331786542924,0.36823935558112775
58,11565,0.23232323232323232,0.09876543209876543,0.08943089430894309,0.14492753623188406,0.15841584158415842,0.16199376947040497,0.17563739376770537,0.2448377581120944,0.25219941348973607,0.30973451327433627,0.37941176470588234,0.4394366197183099,0.4166666666666667,0.37216828478964403
59,11566,0.1282051282051282,0.07260273972602739,0.057245080500894455,0.046012269938650305,0.08231046931407943,0.13645761543762921,0.13808606294155426,0.1705955334987593,0.19570552147239265,0.1994933502216593,0.26010430247718386,0.2838487972508591,0.29427980702963474,0.2641638225255973
60,11568,0.08333333333333333,0.07142857142857142,0.020618556701030927,0.045112781954887216,0.1476510067114094,0.2206896551724138,0.18243243243243243,0.2236842105263158,0.3076923076923077,0.29518072289156627,0.3372093023255814,0.33974358974358976,0.3057324840764331,0.2986111111111111
61,11569,0.14285714285714285,0.0967741935483871,0.0851063829787234,0.05454545454545454,0.03636363636363636,0.06779661016949153,0.1076923076923077,0.13559322033898305,0.18181818181818182,0.17857142857142858,0.20754716981132076,0.1276595744680851,0.08,0.08888888888888889
62,11570,0.18487394957983194,0.12191358024691358,0.07317073170731707,0.08523908523908524,0.1107754279959718,0.13556174558960074,0.15159128978224456,0.2113564668769716,0.2630780894617134,0.28294862248696945,0.33955223880597013,0.4,0.3779786359901397,0.313469387755102
63,11571,0.0,0.0,0.0,0.0,0.5,0.5,0.6666666666666666,0.25,0.0,0.0,0.0,0.0,0.0,0.0
64,11572,0.18051575931232092,0.10517529215358931,0.07345971563981042,0.07700534759358289,0.11401673640167365,0.14705882352941177,0.16652858326429162,0.1974569932685116,0.26033357505438726,0.27213352685050796,0.3078045222465354,0.3619119878603945,0.3470319634703196,0.30238095238095236
65,11575,0.32038834951456313,0.25770308123249297,0.21772639691714837,0.2353923205342237,0.29545454545454547,0.348993288590604,0.44772447724477243,0.5665529010238908,0.6240837696335079,0.6427870461236507,0.6498572787821123,0.7127371273712737,0.7268431001890359,0.6793893129770993
66,11576,0.17525773195876287,0.09248554913294797,0.08487084870848709,0.11044776119402985,0.15426997245179064,0.1802030456852792,0.21199143468950749,0.24091778202676864,0.2695035460992908,0.28161888701517707,0.3356521739130435,0.41228070175438597,0.3719626168224299,0.3453815261044177
67,11577,0.1792452830188679,0.14736842105263157,0.11188811188811189,0.11475409836065574,0.14634146341463414,0.15991471215351813,0.21784232365145229,0.2750455373406193,0.2898550724637681,0.30866425992779783,0.3290676416819013,0.3578154425612053,0.3675675675675676,0.3453887884267631
68,11579,0.09859154929577464,0.05714285714285714,0.07103825136612021,0.09278350515463918,0.08465608465608465,0.1116751269035533,0.11428571428571428,0.16216216216216217,0.21052631578947367,0.20909090909090908,0.2523809523809524,0.34375,0.3076923076923077,0.2542372881355932
69,11580,0.2672413793103448,0.20961145194274028,0.16896301667875271,0.21121251629726207,0.28413962033067974,0.33671641791044776,0.3826879271070615,0.4477211796246649,0.4761663286004057,0.4857843137254902,0.4963361016121153,0.5432994678277697,0.540082219938335,0.5293168370091447
70,11581,0.26666666666666666,0.21241050119331742,0.15614617940199335,0.1458625525946704,0.2043701799485861,0.23632130384167638,0.2731229597388466,0.32645034414945917,0.39869281045751637,0.40074906367041196,0.41497227356746763,0.43848288621646625,0.45164152617568765,0.41308089500860584
71,11582,0.0,0.2,0.3333333333333333,0.2,0.2,0.2,0.25,0.2857142857142857,0.2,0.18181818181818182,0.2,0.2222222222222222,0.625,0.7142857142857143
72,11590,0.23819742489270387,0.18372093023255814,0.15736885928393005,0.17349926793557832,0.24489795918367346,0.30675203725261935,0.3581151832460733,0.45335208626347867,0.5151650312221231,0.547185780787135,0.5618892508143323,0.5959359124658069,0.6110448947159317,0.6181229773462783
73,11592,0.0,0.0,0.0,0.0,0.0,0.0,0.0,0.0,0.0,0.0,0.0,0.0,0.0,0.0
74,11594,0.0,0.0,0.0,0.0,0.0,0.0,0.0,0.0,0.0,0.0,0.0,0.0,0.0,0.0
75,11595,1.0,1.0,0.0,0.0,0.0,0.0,0.0,0.0,0.0,0.0,0.0,0.0,0.0,0.0
76,11596,0.19801980198019803,0.12380952380952381,0.08012820512820513,0.0821917808219178,0.10182767624020887,0.12468827930174564,0.13938053097345132,0.20980392156862746,0.22537878787878787,0.26120857699805067,0.29734848484848486,0.33134920634920634,0.3236434108527132,0.3286573146292585
77,11597,0.0,0.0,0.0,0.0,0.0,0.0,0.0,0.0,0.0,0.0,0.0,0.0,0.0,0.0
78,11598,0.11290322580645161,0.08794788273615635,0.05656108597285068,0.05132743362831858,0.0463258785942492,0.09852941176470588,0.1716514954486346,0.218335343787696,0.2596491228070175,0.2652370203160271,0.3068720379146919,0.3439273552780931,0.4171066525871172,0.36896197327852004
79,11599,0.0,0.0,0.0,0.0,0.0,0.0,0.0,1.0,1.0,1.0,0.0,0.0,0.0,0.0
80,11701,0.255663430420712,0.20555555555555555,0.19410977242302543,0.21212121212121213,0.21846846846846846,0.26495726495726496,0.33045977011494254,0.43161634103019536,0.4652542372881356,0.49001663893510816,0.5385865150284321,0.5756843800322061,0.5515507124895223,0.5037720033528919
81,11702,0.16911764705882354,0.06037735849056604,0.06852791878172589,0.0508130081300813,0.08481262327416174,0.1450381679389313,0.13307984790874525,0.24813432835820895,0.2976827094474153,0.30716723549488056,0.3304042179261863,0.32437619961612285,0.33911368015414256,0.28286852589641437
82,11703,0.20833333333333334,0.12320916905444126,0.11468812877263582,0.1022530329289428,0.1270096463022508,0.1630971993410214,0.18408736349453977,0.24251497005988024,0.30559540889526543,0.349862258953168,0.3620933521923621,0.39420289855072466,0.3684210526315789,0.3515151515151515
83,11704,0.2627551020408163,0.17083333333333334,0.14271938283510124,0.11819727891156463,0.14227309893704007,0.1945080091533181,0.21398305084745764,0.3036988968202466,0.34990677439403356,0.36745886654478976,0.39167686658506734,0.4184884447220487,0.4187380497131931,0.41258278145695365
84,11705,0.08333333333333333,0.056818181818181816,0.04744525547445255,0.06906906906906907,0.11627906976744186,0.1978021978021978,0.18781725888324874,0.2028301886792453,0.2672811059907834,0.2597701149425287,0.32167832167832167,0.35049019607843135,0.3297587131367292,0.32398753894080995
85,11706,0.2399403874813711,0.1926040061633282,0.1884133611691023,0.19265658747300216,0.1910777733912357,0.23947858472998138,0.28393398450656787,0.3542191435768262,0.41832429174201324,0.4680365296803653,0.543035107587769,0.6004501969611705,0.6157925751325869,0.6104173012488577
86,11707,0.0,0.0,0.2,0.1111111111111111,0.0,0.0,0.16666666666666666,0.0,0.0,1.0,1.0,1.0,0.75,0.5
87,11708,0.0,0.0,0.0,0.0,0.0,0.0,0.0,0.0,0.0,0.0,0.0,0.0,0.5,0.5
88,11709,0.06779661016949153,0.04838709677419355,0.05172413793103448,0.07766990291262135,0.06842105263157895,0.1201923076923077,0.13302752293577982,0.1828793774319066,0.16605166051660517,0.26104417670682734,0.2723735408560311,0.3157894736842105,0.2948717948717949,0.23222748815165878
89,11710,0.1524547803617571,0.09447674418604651,0.07306889352818371,0.06818181818181818,0.09211618257261411,0.15473441108545036,0.15751960085531005,0.22009569377990432,0.2506578947368421,0.2526178010471204,0.27579231287929873,0.3354655294953802,0.31611570247933884,0.26996466431095406
90,11713,0.2903225806451613,0.19622641509433963,0.18696883852691218,0.2297979797979798,0.27816091954022987,0.33184855233853006,0.33747412008281574,0.3676190476190476,0.427797833935018,0.46702317290552586,0.4874551971326165,0.5400372439478585,0.5345528455284553,0.492156862745098
91,11714,0.15948275862068967,0.11959287531806616,0.07692307692307693,0.08459214501510574,0.1092896174863388,0.1513157894736842,0.14448236632536973,0.19741100323624594,0.25301204819277107,0.29429429429429427,0.33161157024793386,0.38486140724946694,0.3650273224043716,0.3228346456692913
92,11715,0.1951219512195122,0.08433734939759036,0.08196721311475409,0.06802721088435375,0.10666666666666667,0.1590909090909091,0.16666666666666666,0.20812182741116753,0.2422680412371134,0.31521739130434784,0.2722222222222222,0.2774566473988439,0.29518072289156627,0.2733333333333333
93,11716,0.13592233009708737,0.06372549019607843,0.07096774193548387,0.069164265129683,0.11282051282051282,0.19597989949748743,0.2119815668202765,0.2345132743362832,0.22687224669603523,0.2608695652173913,0.2903225806451613,0.3392405063291139,0.2898172323759791,0.2804232804232804
94,11717,0.34395750332005315,0.2563176895306859,0.26138519924098674,0.2923745555116555,0.2775154377043226,0.2951967978652435,0.3669752164825321,0.4251644736842105,0.5117751329450494,0.5706984667802385,0.6623284429720776,0.7212696941612604,0.7358356940509915,0.7482634730538922
95,11718,0.02857142857142857,0.07936507936507936,0.05042016806722689,0.05555555555555555,0.1297709923664122,0.12307692307692308,0.12121212121212122,0.16083916083916083,0.20422535211267606,0.18243243243243243,0.28378378378378377,0.2898550724637681,0.2982456140350877,0.21818181818181817
96,11719,0.23809523809523808,0.15555555555555556,0.08333333333333333,0.11904761904761904,0.21333333333333335,0.3188405797101449,0.20987654320987653,0.27586206896551724,0.31683168316831684,0.4095238095238095,0.4845360824742268,0.45544554455445546,0.4111111111111111,0.34146341463414637
97,11720,0.21390374331550802,0.12206572769953052,0.09574468085106383,0.09188224799286351,0.12563237774030353,0.17906786590351595,0.1843137254901961,0.20901320901320902,0.2762962962962963,0.2922848664688427,0.3415384615384615,0.3648103309120258,0.38800999167360534,0.347331583552056
98,11721,0.12048192771084337,0.03468208092485549,0.01893939393939394,0.04081632653061224,0.03942652329749104,0.0706713780918728,0.057432432432432436,0.0821917808219178,0.13745704467353953,0.17465753424657535,0.28214285714285714,0.3090909090909091,0.35271317829457366,0.3504273504273504
99,11722,0.28289473684210525,0.2375,0.24957118353344768,0.26791044776119405,0.25758597437626435,0.28846153846153844,0.33226324237560195,0.412590799031477,0.5071461502996772,0.5566608996539792,0.6251593710157246,0.6894067796610169,0.704,0.6927628584433319
100,11724,0.10526315789473684,0.036585365853658534,0.05426356589147287,0.08496732026143791,0.12666666666666668,0.12337662337662338,0.16129032258064516,0.1761006289308176,0.20625,0.2774566473988439,0.28,0.3567251461988304,0.3576158940397351,0.2925170068027211
101,11725,0.16666666666666666,0.08595641646489104,0.058469475494411005,0.06349206349206349,0.07892659826361484,0.10722433460076046,0.11134163208852006,0.14285714285714285,0.21458625525946703,0.27239884393063585,0.31644583008573657,0.34793187347931875,0.32821824381926684,0.3048780487804878
102,11726,0.3515625,0.2549019607843137,0.22312703583061888,0.2206703910614525,0.23118279569892472,0.30853658536585366,0.3673708920187793,0.4626865671641791,0.49295774647887325,0.5202369200394866,0.5340909090909091,0.5556603773584906,0.5601173020527859,0.5636550308008214
103,11727,0.2760942760942761,0.17988394584139264,0.15436241610738255,0.12360801781737193,0.1540084388185654,0.20970873786407768,0.2178669097538742,0.25616197183098594,0.319376026272578,0.36444805194805197,0.41223193010325654,0.44489465153970825,0.4219554030874786,0.4472497745716862
104,11729,0.1993006993006993,0.11296296296296296,0.09339975093399751,0.1092436974789916,0.13073170731707318,0.1702325581395349,0.18826619964973731,0.2557565789473684,0.31369426751592355,0.3287143956889915,0.384159881569208,0.4743687834736037,0.46172441579371476,0.449468085106383
105,11730,0.15950920245398773,0.07547169811320754,0.06313131313131314,0.05567010309278351,0.08316831683168317,0.12612612612612611,0.14285714285714285,0.21568627450980393,0.2822966507177033,0.2964912280701754,0.2862190812720848,0.3244274809160305,0.31343283582089554,0.2874251497005988
106,11731,0.13381995133819952,0.08311688311688312,0.05146406388642413,0.0515625,0.06466165413533835,0.11232676878191102,0.12112676056338029,0.15075034106412005,0.2098337950138504,0.23087719298245615,0.2813203300825206,0.3338449731389102,0.3293172690763052,0.30142737195633923
107,11732,0.08695652173913043,0.023809523809523808,0.04918032786885246,0.046875,0.08823529411764706,0.09836065573770492,0.14285714285714285,0.16216216216216217,0.18253968253968253,0.23846153846153847,0.1794871794871795,0.25,0.21008403361344538,0.20454545454545456
108,11733,0.27555555555555555,0.15196078431372548,0.10894308943089431,0.0917312661498708,0.10666666666666667,0.1378132118451025,0.11597374179431072,0.15829694323144106,0.20851063829787234,0.2776470588235294,0.3247863247863248,0.3734015345268542,0.34818941504178275,0.32589285714285715
109,11735,0.18733509234828497,0.11214953271028037,0.07150595882990249,0.08782435129740519,0.12229539040451552,0.14653641207815277,0.17802726543704891,0.24585436193222782,0.29113018597997137,0.3435897435897436,0.366306027820711,0.38177533385703066,0.3734542456718879,0.3869346733668342
110,11736,0.0,0.0,0.0,0.0,0.0,0.0,0.0,0.0,0.0,0.0,2.0,2.0,0.0,0.5
111,11737,0.0,0.0,0.0,0.0,0.0,0.0,0.5,0.0,0.0,0.0,0.0,0.0,0.0,0.0
112,11738,0.22702702702702704,0.1416184971098266,0.10700389105058365,0.0963302752293578,0.14890510948905109,0.2075208913649025,0.19165580182529335,0.2303595206391478,0.30176767676767674,0.33170731707317075,0.368944099378882,0.37242268041237114,0.3792172739541161,0.37432432432432433
113,11739,0.1,0.09375,0.043478260869565216,0.022222222222222223,0.0625,0.058823529411764705,0.1111111111111111,0.11666666666666667,0.22413793103448276,0.3333333333333333,0.3333333333333333,0.2777777777777778,0.30303030303030304,0.17142857142857143
114,11740,0.1111111111111111,0.07692307692307693,0.0392156862745098,0.04950495049504951,0.07875894988066826,0.08604651162790698,0.08295964125560538,0.11883408071748879,0.1774891774891775,0.248868778280543,0.33564814814814814,0.350561797752809,0.29832935560859186,0.309462915601023
115,11741,0.21724137931034482,0.11443661971830986,0.09547123623011015,0.10224948875255624,0.11909650924024641,0.18731117824773413,0.19441860465116279,0.21206743566992015,0.2443280977312391,0.27318718381112983,0.2943650126156434,0.33393501805054154,0.3302238805970149,0.299412915851272
116,11742,0.19135802469135801,0.10666666666666667,0.10158013544018059,0.1145631067961165,0.13465346534653466,0.1867704280155642,0.17702448210922786,0.2202797202797203,0.2709030100334448,0.3195364238410596,0.3333333333333333,0.36237623762376237,0.3305439330543933,0.2860215053763441
117,11743,0.16417910447761194,0.07921810699588477,0.05813953488372093,0.07077922077922078,0.08484092326887087,0.12161348585189645,0.13225058004640372,0.16846071044133476,0.22192369693713057,0.27208287895310795,0.3407917383820998,0.4125748502994012,0.37966537966537967,0.36988110964332893
118,11746,0.188422247446084,0.11624919717405266,0.0843155031731641,0.10240718074255406,0.13528481012658228,0.18006795016987542,0.20302013422818793,0.2675,0.34480657934815717,0.3918269230769231,0.4424858081864356,0.49955843391227556,0.49846531614487416,0.49858801380608725
119,11747,0.13725490196078433,0.07658643326039387,0.057863501483679525,0.0752157829839704,0.11435523114355231,0.15040183696900114,0.13759479956663057,0.16455696202531644,0.25403659849300325,0.29337899543379,0.3533083645443196,0.3887434554973822,0.41412742382271467,0.4085545722713864
120,11749,0.21212121212121213,0.22033898305084745,0.25,0.28846153846153844,0.23931623931623933,0.2803030303030303,0.27692307692307694,0.3037037037037037,0.3825503355704698,0.37735849056603776,0.37790697674418605,0.4873417721518987,0.48175182481751827,0.472
121,11750,0.0,0.0,0.0,0.0,0.0,0.0,0.0,0.6666666666666666,1.0,0.0,0.3333333333333333,0.6666666666666666,0.5,0.0
122,11751,0.19078947368421054,0.1,0.08020050125313283,0.0603448275862069,0.1044776119402985,0.15674603174603174,0.16483516483516483,0.21768707482993196,0.23559322033898306,0.2564991334488735,0.3290441176470588,0.3879472693032015,0.3905325443786982,0.3405940594059406
123,11752,0.0989010989010989,0.08743169398907104,0.06209150326797386,0.08405797101449275,0.10714285714285714,0.13165266106442577,0.16304347826086957,0.23017902813299232,0.29397590361445786,0.3559718969555035,0.35944700460829493,0.4271356783919598,0.453125,0.4010416666666667
124,11753,0.3055555555555556,0.1693548387096774,0.10982658959537572,0.08878504672897196,0.1350210970464135,0.16046966731898238,0.20738137082601055,0.25,0.31536388140161725,0.3410757946210269,0.41816009557945044,0.4815270935960591,0.48046875,0.48391608391608393
125,11754,0.1971326164874552,0.0899581589958159,0.060431654676258995,0.05590851334180432,0.08140947752126367,0.1198547215496368,0.12976190476190477,0.14096385542168674,0.16666666666666666,0.20741758241758243,0.26666666666666666,0.3125,0.3108974358974359,0.25207296849087896
126,11755,0.24836601307189543,0.14393939393939395,0.10455764075067024,0.08258928571428571,0.11530398322851153,0.1755424063116371,0.19305019305019305,0.19961612284069097,0.19921875,0.2165991902834008,0.2510204081632653,0.3080357142857143,0.268348623853211,0.23373493975903614
127,11756,0.20437956204379562,0.12105263157894737,0.08172635445362718,0.07654723127035831,0.11908517350157728,0.17170228445099484,0.1738241308793456,0.21871127633209417,0.27315084449621435,0.27524523946912866,0.3156089193825043,0.33129175946547884,0.34235229155162894,0.3381057268722467
128,11757,0.21348314606741572,0.1539408866995074,0.10512597741094701,0.09375,0.13576642335766423,0.19532908704883228,0.22958500669344042,0.27922885572139305,0.3138515488018703,0.3337229690239626,0.36946386946386944,0.38852361028093246,0.3855721393034826,0.33525641025641023
129,11758,0.14473684210526316,0.08333333333333333,0.04896421845574388,0.057757644394110984,0.07861462341946124,0.11058700209643606,0.1333997013439522,0.1667447306791569,0.21106259097525473,0.23793103448275862,0.26859710434348477,0.3186646433990895,0.2908366533864542,0.26106870229007634
130,11760,0.0,0.0,0.0,0.0,0.0,0.0,0.0,1.0,0.0,0.0,0.0,0.0,0.0,0.0
131,11762,0.11155378486055777,0.04565217391304348,0.031484257871064465,0.050397877984084884,0.06415094339622641,0.10116279069767442,0.10232558139534884,0.11739594450373532,0.1450381679389313,0.18676627534685167,0.22540045766590389,0.2551390568319226,0.22120866590649943,0.20555555555555555
132,11763,0.24516129032258063,0.17168141592920355,0.17018779342723006,0.16168898043254376,0.1980952380952381,0.2509157509157509,0.26276150627615064,0.2907692307692308,0.3733528550512445,0.4171997157071784,0.443342776203966,0.4690909090909091,0.4456437933693138,0.4204112718964204
133,11764,0.24064171122994651,0.15497076023391812,0.12350597609561753,0.09726962457337884,0.11147540983606558,0.12861736334405144,0.13353566009104703,0.16355810616929697,0.20087976539589442,0.2323943661971831,0.2458521870286576,0.29523809523809524,0.30905861456483125,0.27722772277227725
134,11765,0.25,0.0,0.07142857142857142,0.06666666666666667,0.15384615384615385,0.23076923076923078,0.13333333333333333,0.23529411764705882,0.18181818181818182,0.17391304347826086,0.23333333333333334,0.28,0.42857142857142855,0.25
135,11766,0.2865853658536585,0.1736111111111111,0.12009803921568628,0.10240963855421686,0.12287334593572778,0.16225749559082892,0.16666666666666666,0.19278996865203762,0.21711568938193343,0.22682119205298013,0.21785714285714286,0.2729007633587786,0.2802303262955854,0.27593360995850624
136,11767,0.15492957746478872,0.09014084507042254,0.06998158379373849,0.05787781350482315,0.08638360175695461,0.12981455064194009,0.14824797843665768,0.1643646408839779,0.19467787114845939,0.20502092050209206,0.2524964336661912,0.28503937007874014,0.28044871794871795,0.28836424957841483
137,11768,0.10975609756097561,0.052313883299798795,0.045714285714285714,0.0351288056206089,0.04475982532751092,0.07592407592407592,0.07818532818532818,0.11403508771929824,0.15714285714285714,0.2183406113537118,0.26346604215456676,0.30823529411764705,0.2741176470588235,0.23693803159173754
138,11769,0.17073170731707318,0.087248322147651,0.06756756756756757,0.05,0.0858085808580858,0.13702623906705538,0.16201117318435754,0.21288515406162464,0.25443786982248523,0.3510971786833856,0.31543624161073824,0.3161764705882353,0.31086142322097376,0.2339622641509434
139,11770,0.0,0.5,0.25,0.0,0.25,0.3333333333333333,0.6666666666666666,0.2,0.2,0.4,0.5,0.5,0.14285714285714285,0.4
140,11771,0.1,0.05405405405405406,0.0335195530726257,0.07582938388625593,0.0625,0.14878892733564014,0.1534090909090909,0.20207253886010362,0.2275,0.23832923832923833,0.24181360201511334,0.25190839694656486,0.24074074074074073,0.2554347826086957
141,11772,0.2733333333333333,0.18671679197994986,0.17667844522968199,0.1958997722095672,0.23228070175438598,0.28135593220338984,0.3099304237824162,0.32091346153846156,0.37993235625704624,0.4258135686707115,0.4402203856749311,0.4889267461669506,0.49426674713337354,0.4742822966507177
142,11773,0.5,0.3333333333333333,0.0,0.0,0.16666666666666666,0.2857142857142857,0.0,0.0,0.5,1.0,1.5,1.5,2.0,1.0
143,11774,0.0,0.0,0.0,0.0,0.0,0.0,0.0,0.0,0.0,0.0,0.0,0.0,0.0,0.0
144,11775,0.0,0.0,1.0,1.0,0.5,0.0,0.0,0.0,0.0,0.0,0.0,0.0,0.0,0.0
145,11776,0.2879746835443038,0.1781609195402299,0.12101910828025478,0.10966340933767643,0.1636546184738956,0.21320754716981133,0.2123585726718886,0.2698961937716263,0.30857648099027407,0.3500464252553389,0.37265917602996257,0.387774594078319,0.4146586345381526,0.3951527924130664
146,11777,0.19672131147540983,0.1282051282051282,0.09966777408637874,0.11976047904191617,0.16201117318435754,0.1942257217847769,0.15714285714285714,0.20361990950226244,0.2540045766590389,0.29620253164556964,0.3368421052631579,0.3877005347593583,0.4224137931034483,0.42201834862385323
147,11778,0.29651162790697677,0.17229729729729729,0.0979020979020979,0.09702970297029703,0.13114754098360656,0.15586690017513136,0.18771331058020477,0.23645320197044334,0.28407224958949095,0.3327702702702703,0.33276740237691,0.36116152450090744,0.3333333333333333,0.30739299610894943
148,11779,0.21105527638190955,0.10755441741357234,0.09090909090909091,0.09424460431654676,0.12200137080191913,0.1629926519706079,0.17167919799498746,0.1998766193707588,0.25431804645622397,0.2797897196261682,0.3027630805408583,0.35112540192926045,0.3572395128552097,0.3505226480836237
149,11780,0.1822429906542056,0.0913978494623656,0.056466302367941715,0.03840245775729647,0.09397944199706314,0.1619718309859155,0.15494791666666666,0.13385826771653545,0.16597510373443983,0.2332859174964438,0.2922374429223744,0.31703470031545744,0.27993527508090615,0.2664298401420959
150,11782,0.1476510067114094,0.0784313725490196,0.0688836104513064,0.050880626223091974,0.10251798561151079,0.16693944353518822,0.16820987654320987,0.1882183908045977,0.21052631578947367,0.24669603524229075,0.28171091445427726,0.2716236722306525,0.27287853577371046,0.24268502581755594
151,11783,0.09259259259259259,0.05596107055961071,0.04132231404958678,0.05454545454545454,0.08011869436201781,0.10393258426966293,0.10401002506265664,0.14955357142857142,0.1651376146788991,0.19003476245654694,0.21921182266009853,0.286783042394015,0.2647058823529412,0.22393822393822393
152,11784,0.24471299093655588,0.16044776119402984,0.11938382541720154,0.12236286919831224,0.13465346534653466,0.14958448753462603,0.18670309653916212,0.23023457862728064,0.3018867924528302,0.35334476843910806,0.34793597304128054,0.3698752228163993,0.36688014638609334,0.38204393505253104
153,11786,0.2743362831858407,0.13875598086124402,0.08417508417508418,0.08670520231213873,0.13068181818181818,0.18435754189944134,0.1903485254691689,0.22625698324022347,0.26558265582655827,0.26430517711171664,0.2849002849002849,0.27936507936507937,0.3258426966292135,0.2815126050420168
154,11787,0.15502555366269166,0.07572815533980583,0.050824175824175824,0.05726600985221675,0.10332541567695962,0.1638418079096045,0.15149892933618844,0.1760299625468165,0.19265033407572382,0.24062319676860935,0.2699876998769988,0.2979011509817197,0.28683834048640916,0.255079006772009
155,11788,0.15677966101694915,0.09417040358744394,0.06329113924050633,0.059722222222222225,0.08241758241758242,0.13136729222520108,0.14552736982643524,0.16120576671035386,0.19650067294751009,0.22865013774104684,0.2543352601156069,0.3409436834094368,0.34009360374414976,0.3053311793214863
156,11789,0.2222222222222222,0.16149068322981366,0.12601626016260162,0.11551155115511551,0.1437125748502994,0.2267080745341615,0.2,0.20170454545454544,0.24293785310734464,0.2864864864864865,0.2861111111111111,0.3373860182370821,0.38620689655172413,0.33070866141732286
157,11790,0.17613636363636365,0.10559006211180125,0.0823045267489712,0.07042253521126761,0.1184,0.1506849315068493,0.15052160953800298,0.1755485893416928,0.1837748344370861,0.21379310344827587,0.25663716814159293,0.2813102119460501,0.2799188640973631,0.26382978723404255
158,11791,0.175,0.12017167381974249,0.06866952789699571,0.07075471698113207,0.10855263157894737,0.15047021943573669,0.14937388193202147,0.1878367975365666,0.2545201668984701,0.28779472954230234,0.35119047619047616,0.3995801259622113,0.40829234012649335,0.40296296296296297
159,11792,0.23853211009174313,0.155,0.0891089108910891,0.08823529411764706,0.11274509803921569,0.18013856812933027,0.1822125813449024,0.2309322033898305,0.26865671641791045,0.3225806451612903,0.3546099290780142,0.4356955380577428,0.38440111420612816,0.32063492063492066
160,11793,0.16711590296495957,0.08905109489051095,0.05952380952380952,0.06057866184448463,0.0842745438748914,0.12961443806398687,0.14232765011119347,0.17369186046511628,0.2002892263195951,0.2222222222222222,0.25414781297134237,0.2887864823348694,0.29103343465045595,0.24671307037896364
161,11794,0.0,0.0,0.0,0.0,0.08333333333333333,0.16666666666666666,0.36363636363636365,0.3333333333333333,0.25,0.5,0.5,1.0,0.3333333333333333,0.3333333333333333
162,11795,0.12318840579710146,0.05825242718446602,0.04797047970479705,0.04564315352697095,0.08333333333333333,0.14485981308411214,0.152,0.21471343028229256,0.2454308093994778,0.2341717259323504,0.2918572735590119,0.2801980198019802,0.30809128630705396,0.290929203539823
163,11796,0.07894736842105263,0.08450704225352113,0.07142857142857142,0.07563025210084033,0.07086614173228346,0.087248322147651,0.11392405063291139,0.1566265060240964,0.18435754189944134,0.2032967032967033,0.26285714285714284,0.3096774193548387,0.34285714285714286,0.2857142857142857
164,11797,0.09195402298850575,0.08275862068965517,0.0380952380952381,0.058823529411764705,0.10877192982456141,0.11635220125786164,0.16199376947040497,0.192090395480226,0.2631578947368421,0.3403141361256545,0.42328042328042326,0.42105263157894735,0.40869565217391307,0.38392857142857145
165,11798,0.2672811059907834,0.2193877551020408,0.21272727272727274,0.23564064801178203,0.2746955345060893,0.36237373737373735,0.397212543554007,0.42248908296943233,0.5121212121212121,0.5182872435325602,0.5691263782866837,0.6436303080766028,0.6403127715030409,0.6552655265526552
166,11801,0.21553884711779447,0.1276005547850208,0.11445198836081474,0.11925042589437819,0.1551433389544688,0.24102964118564743,0.259825327510917,0.33747547416612167,0.37606837606837606,0.39064398541919804,0.465311004784689,0.50565812983919,0.5135818066961465,0.5144736842105263
167,11802,0.0,0.0,0.0,0.0,0.5,0.0,0.5,0.25,0.5,0.7142857142857143,0.6,0.5,0.0,0.0
168,11803,0.20710059171597633,0.11423841059602649,0.07311320754716981,0.07180020811654526,0.11397423191278494,0.1499540018399264,0.16057774001699235,0.20194465220643232,0.27516292541636495,0.2968858131487889,0.3674863387978142,0.40973630831643004,0.4153225806451613,0.41719520789288234
169,11804,0.23684210526315788,0.12403100775193798,0.1005586592178771,0.10194174757281553,0.13658536585365855,0.18222222222222223,0.2572614107883817,0.23826714801444043,0.3173431734317343,0.375,0.4117647058823529,0.4475806451612903,0.45491803278688525,0.44782608695652176
170,11815,0.0,0.0,0.0,0.0,0.0,0.0,0.0,0.0,0.0,0.0,0.0,0.0,0.0,0.0
171,11819,0.0,0.0,0.0,0.0,0.0,0.0,0.0,0.0,0.0,0.0,0.0,0.0,0.0,0.0
172,11853,0.0,0.0,0.0,0.0,0.0,0.0,0.0,0.0,0.0,0.0,0.0,0.0,0.0,0.0
173,11854,0.0,0.0,0.0,0.0,0.0,0.0,0.0,0.0,0.0,0.0,0.0,0.0,0.0,0.0
174,11855,0.0,0.0,0.0,0.0,0.0,0.0,0.0,0.0,0.0,0.0,0.0,0.0,0.0,0.0
175,11901,0.28936170212765955,0.23897911832946636,0.3026315789473684,0.3149717514124294,0.379400260756193,0.43080625752105894,0.4841997961264016,0.5242626070409134,0.5427350427350427,0.595389507154213,0.646921278254092,0.6497829232995659,0.6054371785451874,0.5916002896451846
176,11930,0.29411764705882354,0.22580645161290322,0.14285714285714285,0.20689655172413793,0.2903225806451613,0.3684210526315789,0.5352112676056338,0.5641025641025641,0.46835443037974683,0.5316455696202531,0.5131578947368421,0.6805555555555556,0.5970149253731343,0.5573770491803278
177,11931,0.1,0.06666666666666667,0.15625,0.11764705882352941,0.1702127659574468,0.22033898305084745,0.31746031746031744,0.3283582089552239,0.34782608695652173,0.49206349206349204,0.5862068965517241,0.5636363636363636,0.5306122448979592,0.4
178,11932,0.42857142857142855,0.36,0.25806451612903225,0.25806451612903225,0.24324324324324326,0.425,0.38636363636363635,0.5106382978723404,0.45098039215686275,0.4107142857142857,0.46774193548387094,0.43103448275862066,0.3333333333333333,0.49122807017543857
179,11933,0.2222222222222222,0.21904761904761905,0.20625,0.14423076923076922,0.22869955156950672,0.3130081300813008,0.3231939163498099,0.3794466403162055,0.4530612244897959,0.4959677419354839,0.5298804780876494,0.4942084942084942,0.46638655462184875,0.44907407407407407
180,11934,0.25882352941176473,0.13609467455621302,0.17167381974248927,0.16791044776119404,0.17747440273037543,0.1907514450867052,0.2440318302387268,0.29411764705882354,0.3150684931506849,0.3406113537117904,0.375,0.4200913242009132,0.4282238442822384,0.3734015345268542
181,11935,0.28,0.125,0.125,0.09183673469387756,0.1504424778761062,0.2018348623853211,0.1652892561983471,0.20192307692307693,0.2894736842105263,0.3076923076923077,0.391304347826087,0.4434782608695652,0.4807692307692308,0.3944954128440367
182,11937,0.3490566037735849,0.24788732394366197,0.2203742203742204,0.23616236162361623,0.3128205128205128,0.4,0.44324324324324327,0.45,0.4946949602122016,0.47289972899729,0.5179948586118251,0.5952063914780293,0.5800561797752809,0.543884892086331
183,11939,0.1111111111111111,0.0625,0.05,0.045454545454545456,0.043478260869565216,0.2916666666666667,0.28125,0.4444444444444444,0.65,0.8571428571428571,0.42105263157894735,0.38095238095238093,0.3076923076923077,0.3333333333333333
184,11940,0.25862068965517243,0.12844036697247707,0.11724137931034483,0.15254237288135594,0.20430107526881722,0.2222222222222222,0.2602739726027397,0.24434389140271492,0.32751091703056767,0.3212669683257919,0.3577586206896552,0.4052863436123348,0.38626609442060084,0.3918918918918919
185,11941,0.23529411764705882,0.1935483870967742,0.20833333333333334,0.2037037037037037,0.2,0.23943661971830985,0.3409090909090909,0.32989690721649484,0.47368421052631576,0.47959183673469385,0.42696629213483145,0.46153846153846156,0.4666666666666667,0.4146341463414634
186,11942,0.27586206896551724,0.21666666666666667,0.15789473684210525,0.1111111111111111,0.11971830985915492,0.19161676646706588,0.2602040816326531,0.30952380952380953,0.3620689655172414,0.4672489082969432,0.42731277533039647,0.46473029045643155,0.47641509433962265,0.43891402714932126
187,11944,0.36,0.27710843373493976,0.18269230769230768,0.25833333333333336,0.31297709923664124,0.38461538461538464,0.44274809160305345,0.44525547445255476,0.4931506849315068,0.5244755244755245,0.5976331360946746,0.644808743169399,0.6368715083798883,0.5857988165680473
188,11946,0.32989690721649484,0.25263157894736843,0.2947019867549669,0.353887399463807,0.4354066985645933,0.4767676767676768,0.4202401372212693,0.4182098765432099,0.45491803278688525,0.5258019525801952,0.5736111111111111,0.5714285714285714,0.5736111111111111,0.5070821529745042
189,11947,0.0,0.08333333333333333,0.06666666666666667,0.058823529411764705,0.047619047619047616,0.09090909090909091,0.25,0.2,0.34782608695652173,0.391304347826087,0.3448275862068966,0.3225806451612903,0.26666666666666666,0.25
190,11948,0.5,0.35294117647058826,0.3333333333333333,0.2962962962962963,0.16666666666666666,0.21739130434782608,0.2391304347826087,0.275,0.2826086956521739,0.46938775510204084,0.660377358490566,0.6808510638297872,0.5897435897435898,0.43902439024390244
191,11949,0.20567375886524822,0.12937062937062938,0.11428571428571428,0.10144927536231885,0.15525876460767946,0.20124804992199688,0.21562952243125905,0.1959731543624161,0.2442953020134228,0.30344827586206896,0.31824611032531824,0.37797619047619047,0.3865414710485133,0.344391785150079
192,11950,0.34868421052631576,0.21035598705501618,0.2134387351778656,0.23235800344234078,0.2920634920634921,0.3288888888888889,0.3324468085106383,0.380716934487021,0.4343675417661098,0.48004434589800443,0.5050055617352615,0.5380184331797235,0.5370595382746051,0.49707602339181284
193,11951,0.28448275862068967,0.19291338582677164,0.19576719576719576,0.22325581395348837,0.2411504424778761,0.2916666666666667,0.32899628252788105,0.35828025477707004,0.4083694083694084,0.45879120879120877,0.4953271028037383,0.5339943342776204,0.5439137134052389,0.5396578538102644
194,11952,0.3225806451612903,0.21568627450980393,0.16304347826086957,0.10833333333333334,0.09803921568627451,0.16363636363636364,0.18128654970760233,0.22424242424242424,0.24050632911392406,0.358974358974359,0.4329268292682927,0.43209876543209874,0.4161490683229814,0.36666666666666664
195,11953,0.2926829268292683,0.16363636363636364,0.15,0.1466992665036675,0.15632754342431762,0.20754716981132076,0.23173277661795408,0.26348547717842324,0.3380855397148676,0.3575525812619503,0.3970037453183521,0.4240631163708087,0.42735042735042733,0.413953488372093
196,11954,0.2926829268292683,0.24615384615384617,0.22077922077922077,0.2602739726027397,0.3076923076923077,0.3673469387755102,0.37383177570093457,0.43478260869565216,0.42276422764227645,0.41732283464566927,0.5151515151515151,0.5128205128205128,0.4888888888888889,0.46153846153846156
197,11955,0.14285714285714285,0.11764705882352941,0.12280701754385964,0.23333333333333334,0.2878787878787879,0.29850746268656714,0.30952380952380953,0.31521739130434784,0.32653061224489793,0.3425925925925926,0.40425531914893614,0.4823529411764706,0.4838709677419355,0.5
198,11956,0.5,0.25,0.0,0.2,0.2,0.4,0.4444444444444444,0.4,0.4444444444444444,0.18181818181818182,0.2,0.2857142857142857,0.42857142857142855,0.5833333333333334
199,11957,0.25,0.16666666666666666,0.0,0.0,0.05555555555555555,0.17647058823529413,0.11764705882352941,0.125,0.07692307692307693,0.36363636363636365,0.3076923076923077,0.3333333333333333,0.38461538461538464,0.3333333333333333
200,11958,0.2,0.0,0.11764705882352941,0.23529411764705882,0.375,0.25,0.1875,0.20833333333333334,0.4583333333333333,0.5263157894736842,0.52,0.5333333333333333,0.5333333333333333,0.6190476190476191
201,11959,0.4,0.1,0.14285714285714285,0.2,0.13043478260869565,0.25,0.3333333333333333,0.3142857142857143,0.475,0.4883720930232558,0.5227272727272727,0.5,0.4878048780487805,0.5
202,11960,0.2727272727272727,0.14285714285714285,0.125,0.0975609756097561,0.17073170731707318,0.23255813953488372,0.20408163265306123,0.1111111111111111,0.2727272727272727,0.3793103448275862,0.43859649122807015,0.4067796610169492,0.38333333333333336,0.27586206896551724
203,11961,0.23157894736842105,0.17391304347826086,0.13973799126637554,0.12639405204460966,0.13220338983050847,0.19760479041916168,0.2552083333333333,0.312807881773399,0.3311546840958606,0.3552941176470588,0.375,0.43902439024390244,0.39285714285714285,0.39154929577464787
204,11962,0.0,0.0,0.0,0.23076923076923078,0.2222222222222222,0.47368421052631576,0.375,0.36363636363636365,0.5,0.3,0.16666666666666666,0.2222222222222222,0.3888888888888889,0.23809523809523808
205,11963,0.28,0.13829787234042554,0.13725490196078433,0.21637426900584794,0.20540540540540542,0.2757009345794392,0.29770992366412213,0.30935251798561153,0.39114391143911437,0.40808823529411764,0.45255474452554745,0.4874551971326165,0.4618320610687023,0.43190661478599224
206,11964,0.16666666666666666,0.2,0.07692307692307693,0.09090909090909091,0.08333333333333333,0.3333333333333333,0.2558139534883721,0.26666666666666666,0.2682926829268293,0.391304347826087,0.3125,0.46296296296296297,0.42105263157894735,0.38461538461538464
207,11965,0.0,0.0,0.14285714285714285,0.2,0.2727272727272727,0.14285714285714285,0.2222222222222222,0.2777777777777778,0.4090909090909091,0.68,0.5,0.3333333333333333,0.35714285714285715,0.375
208,11967,0.27692307692307694,0.22268041237113403,0.22146739130434784,0.21370499419279906,0.2294557097118463,0.2671443193449335,0.29783393501805056,0.3377593360995851,0.3789392774788624,0.4226190476190476,0.4540103016924209,0.5176029962546816,0.5172413793103449,0.4890333062550772
209,11968,0.2222222222222222,0.15384615384615385,0.25390625,0.2947019867549669,0.35331230283911674,0.366120218579235,0.3627906976744186,0.37341772151898733,0.45454545454545453,0.48155737704918034,0.5374732334047109,0.5921052631578947,0.5126050420168067,0.47577092511013214
210,11969,0.3076923076923077,0.3333333333333333,0.36363636363636365,0.37037037037037035,0.2916666666666667,0.3333333333333333,0.3783783783783784,0.3902439024390244,0.5641025641025641,0.5121951219512195,0.3673469387755102,0.48214285714285715,0.6909090909090909,0.6153846153846154
211,11970,0.0,0.2,0.16666666666666666,0.0,0.0,0.3333333333333333,0.25,0.2857142857142857,0.2222222222222222,0.5714285714285714,0.4,0.5,0.6666666666666666,0.6666666666666666
212,11971,0.28,0.15853658536585366,0.12195121951219512,0.1259259259259259,0.08666666666666667,0.16091954022988506,0.2154696132596685,0.24489795918367346,0.31840796019900497,0.3886255924170616,0.4186046511627907,0.5175879396984925,0.5,0.48066298342541436
213,11972,0.2,0.14285714285714285,0.15,0.045454545454545456,0.19230769230769232,0.25,0.1794871794871795,0.28,0.3111111111111111,0.41025641025641024,0.5,0.5476190476190477,0.6,0.42857142857142855
214,11973,0.5,0.0,0.0,0.0,0.25,0.16666666666666666,0.0,0.16666666666666666,0.25,0.0,0.0,0.0,0.0,0.0
215,11975,0.1111111111111111,0.15,0.20833333333333334,0.16666666666666666,0.42857142857142855,0.5714285714285714,0.4444444444444444,0.3157894736842105,0.30434782608695654,0.375,0.5384615384615384,0.4782608695652174,0.6153846153846154,0.4074074074074074
216,11976,0.2727272727272727,0.1724137931034483,0.25,0.2549019607843137,0.37254901960784315,0.288135593220339,0.4,0.22972972972972974,0.39436619718309857,0.4782608695652174,0.4927536231884058,0.46153846153846156,0.5573770491803278,0.5185185185185185
217,11977,0.21428571428571427,0.16129032258064516,0.1206896551724138,0.1,0.14736842105263157,0.19642857142857142,0.26229508196721313,0.3,0.3177570093457944,0.43434343434343436,0.4842105263157895,0.49,0.48863636363636365,0.3670886075949367
218,11978,0.17857142857142858,0.16326530612244897,0.22535211267605634,0.2875,0.2840909090909091,0.3392857142857143,0.3870967741935484,0.4647887323943662,0.45695364238410596,0.5176470588235295,0.5314285714285715,0.5027624309392266,0.52,0.5308641975308642
219,11980,0.2916666666666667,0.23684210526315788,0.1282051282051282,0.11347517730496454,0.13380281690140844,0.2116788321167883,0.20394736842105263,0.1986754966887417,0.2893081761006289,0.33986928104575165,0.36875,0.42138364779874216,0.3419354838709677,0.32298136645962733
